ID,ACCOUNT_ID,FIRST_NAME,LAST_NAME,NAME,EMAIL,PHONE,MOBILE_PHONE,TITLE,DEPARTMENT,MAILING_STREET,MAILING_CITY,MAILING_COUNTRY,MAILING_POSTAL_CODE,DESCRIPTION,LEAD_SOURCE,CREATED_DATE,LAST_MODIFIED_DATE,IS_PRIMARY_CONTACT
003967961015354687,001215400344428713,Barbara,Davis,Barbara Davis,barbara.davis@hamburgdigital.com,+52-456-8286418,+63-988-3022334,CEO,Executive,96 Business Park,Rome,IT,46421,"CEO at Hamburg Digital, responsible for overall company strategy and growth.",Purchased List,2024-07-23T07:21:05.759028,2025-06-24T07:21:05.759050,true
003443155234526299,001215400344428713,Magnus,van der Berg,Magnus van der Berg,magnus.van der berg@hamburgdigital.com,+77-142-6357242,+79-678-3509536,CTO,IT,96 Business Park,Rome,IT,46421,"CTO at Hamburg Digital, responsible for technology strategy and innovation.",Advertisement,2024-10-08T07:21:05.759136,2025-06-29T07:21:05.759144,false
003770061081272996,001721542235717608,Jean,de Groot,Jean de Groot,jean.de groot@rennesbiotech.com,+83-616-2511341,+38-542-5861752,CEO,Executive,47 Business Park,Rotterdam,NL,6977 FL,"CEO at Rennes Biotech, responsible for overall company strategy and growth.",Employee Referral,2025-04-08T07:21:05.759309,2025-07-17T07:21:05.759319,true
003939148869643834,001721542235717608,Barbara,Peters,Barbara Peters,barbara.peters@rennesbiotech.com,+16-661-7697318,+43-187-7686174,CTO,IT,47 Business Park,Rotterdam,NL,6977 FL,"CTO at Rennes Biotech, responsible for technology strategy and innovation.",Trade Show,2024-11-12T07:21:05.759380,2025-06-27T07:21:05.759387,false
003323048643774675,001721542235717608,Christopher,Hendriks,Christopher Hendriks,christopher.hendriks@rennesbiotech.com,+72-504-4290000,+81-730-9795418,VP Sales,Sales,47 Business Park,Rotterdam,NL,6977 FL,"VP Sales at Rennes Biotech, responsible for sales strategy and revenue growth.",Purchased List,2025-02-18T07:21:05.759447,2025-07-19T07:21:05.759454,false
003226697625070815,001738588377270244,Birgit,Pettersson,Birgit Pettersson,birgit.pettersson@londoncorpdynamics.com,+95-523-8105832,+56-456-4195887,CEO,Executive,147 Technology Way,Vienna,AT,88172,"CEO at LondonCorp Dynamics, responsible for overall company strategy and growth.",Advertisement,2024-12-28T07:21:05.759593,2025-07-02T07:21:05.759602,true
003493749663760782,001738588377270244,Jürgen,Wagner,Jürgen Wagner,jürgen.wagner@londoncorpdynamics.com,+88-941-8419054,+89-249-8389750,CTO,IT,147 Technology Way,Vienna,AT,88172,"CTO at LondonCorp Dynamics, responsible for technology strategy and innovation.",Web,2025-02-23T07:21:05.759664,2025-07-15T07:21:05.759672,false
003932691562112237,001738588377270244,Karen,Hernandez,Karen Hernandez,karen.hernandez@londoncorpdynamics.com,+16-348-3477610,+46-114-6759137,VP Sales,Sales,147 Technology Way,Vienna,AT,88172,"VP Sales at LondonCorp Dynamics, responsible for sales strategy and revenue growth.",Cold Call,2025-04-27T07:21:05.759731,2025-07-12T07:21:05.759738,false
003705739595955619,001400419007481616,Stefan,Koch,Stefan Koch,stefan.koch@monacowealthtech.com,+37-308-9778944,+43-661-9103837,CEO,Executive,4 Technology Way,Copenhagen,DK,3646,"CEO at Monaco Wealth Tech, responsible for overall company strategy and growth.",Word of mouth,2025-04-11T07:21:05.759870,2025-06-29T07:21:05.759879,true
003847066207912330,001400419007481616,Pierre,Jonsson,Pierre Jonsson,pierre.jonsson@monacowealthtech.com,+77-144-5285846,+31-161-5764956,CTO,IT,4 Technology Way,Copenhagen,DK,3646,"CTO at Monaco Wealth Tech, responsible for technology strategy and innovation.",Purchased List,2024-08-10T07:21:05.759939,2025-07-13T07:21:05.759946,false
003537571554151826,001400419007481616,Patrick,Johnson,Patrick Johnson,patrick.johnson@monacowealthtech.com,+94-377-7043474,+23-119-5907261,VP Sales,Sales,4 Technology Way,Copenhagen,DK,3646,"VP Sales at Monaco Wealth Tech, responsible for sales strategy and revenue growth.",Email Campaign,2024-12-07T07:21:05.760006,2025-07-14T07:21:05.760013,false
003455171907676356,001400419007481616,Emma,Gonzalez,Emma Gonzalez,emma.gonzalez@monacowealthtech.com,+72-987-9918107,+21-290-4336572,IT Director,Operations,4 Technology Way,Copenhagen,DK,3646,"IT Director at Monaco Wealth Tech, responsible for operational excellence and team leadership.",Trade Show,2024-10-31T07:21:05.760071,2025-07-04T07:21:05.760078,false
003696072407360747,001635121398951436,Robert,Martin,Robert Martin,robert.martin@edinburghinnovations.com,+49-441-9219709,+60-862-3634111,CEO,Executive,988 Business Park,Geneva,CH,6539,"CEO at Edinburgh Innovations, responsible for overall company strategy and growth.",Web,2024-12-27T07:21:05.760209,2025-06-30T07:21:05.760217,true
003410609892738053,001635121398951436,Monika,Leroy,Monika Leroy,monika.leroy@edinburghinnovations.com,+17-740-5323142,+59-934-1494355,CTO,IT,988 Business Park,Geneva,CH,6539,"CTO at Edinburgh Innovations, responsible for technology strategy and innovation.",Trade Show,2025-01-30T07:21:05.760277,2025-07-14T07:21:05.760284,false
003254544334745112,001635121398951436,Stefan,Bakker,Stefan Bakker,stefan.bakker@edinburghinnovations.com,+21-847-7412371,+76-794-4815608,VP Sales,Sales,988 Business Park,Geneva,CH,6539,"VP Sales at Edinburgh Innovations, responsible for sales strategy and revenue growth.",Employee Referral,2025-02-19T07:21:05.760342,2025-07-03T07:21:05.760349,false
003781585152387889,001635121398951436,Philippe,Moreau,Philippe Moreau,philippe.moreau@edinburghinnovations.com,+52-559-3210769,+36-768-3324928,IT Director,Operations,988 Business Park,Geneva,CH,6539,"IT Director at Edinburgh Innovations, responsible for operational excellence and team leadership.",Word of mouth,2024-09-18T07:21:05.760407,2025-06-30T07:21:05.760414,false
003893914776986522,001635121398951436,Christopher,Moreau,Christopher Moreau,christopher.moreau@edinburghinnovations.com,+77-238-8215281,+28-771-3651604,Data Architect,Operations,988 Business Park,Geneva,CH,6539,"Data Architect at Edinburgh Innovations, responsible for operational excellence and team leadership.",Advertisement,2025-05-19T07:21:05.760484,2025-07-04T07:21:05.760491,false
003918617096666110,001646528871719079,Mark,Simon,Mark Simon,mark.simon@royaldatasystems.com,+13-883-6346688,+62-521-6089336,CEO,Executive,249 Innovation Drive,Paris,FR,56438,"CEO at Royal Data Systems, responsible for overall company strategy and growth.",External Referral,2024-07-31T07:21:05.760621,2025-06-22T07:21:05.760630,true
003248103815847789,001646528871719079,Karen,Hoffmann,Karen Hoffmann,karen.hoffmann@royaldatasystems.com,+33-126-5477211,+87-680-4874049,CTO,IT,249 Innovation Drive,Paris,FR,56438,"CTO at Royal Data Systems, responsible for technology strategy and innovation.",Word of mouth,2025-02-24T07:21:05.760688,2025-07-14T07:21:05.760695,false
003978005939996398,001646528871719079,Christian,Hernandez,Christian Hernandez,christian.hernandez@royaldatasystems.com,+71-237-9427608,+87-580-7273997,VP Sales,Sales,249 Innovation Drive,Paris,FR,56438,"VP Sales at Royal Data Systems, responsible for sales strategy and revenue growth.",Partner Referral,2024-12-06T07:21:05.760753,2025-07-06T07:21:05.760760,false
003354761110174201,001646528871719079,Sarah,Meyer,Sarah Meyer,sarah.meyer@royaldatasystems.com,+14-518-1251897,+44-522-4733840,IT Director,Operations,249 Innovation Drive,Paris,FR,56438,"IT Director at Royal Data Systems, responsible for operational excellence and team leadership.",Cold Call,2025-03-11T07:21:05.760818,2025-06-27T07:21:05.760825,false
003465801023980851,001948440408302313,Alain,van Leeuwen,Alain van Leeuwen,alain.van leeuwen@bavariananalyticsgmbh.com,+68-352-8173194,+61-894-1701728,CEO,Executive,886 Innovation Drive,Paris,FR,69638,"CEO at Bavarian Analytics GmbH, responsible for overall company strategy and growth.",Word of mouth,2024-12-10T07:21:05.760952,2025-06-28T07:21:05.760961,true
003703660203829294,001948440408302313,Françoise,Pettersson,Françoise Pettersson,françoise.pettersson@bavariananalyticsgmbh.com,+77-756-1646123,+76-211-8576751,CTO,IT,886 Innovation Drive,Paris,FR,69638,"CTO at Bavarian Analytics GmbH, responsible for technology strategy and innovation.",External Referral,2025-06-01T07:21:05.761022,2025-06-23T07:21:05.761029,false
003144194076040015,001948440408302313,Jan,Larsson,Jan Larsson,jan.larsson@bavariananalyticsgmbh.com,+81-496-9659168,+90-150-4185160,VP Sales,Sales,886 Innovation Drive,Paris,FR,69638,"VP Sales at Bavarian Analytics GmbH, responsible for sales strategy and revenue growth.",Other,2024-11-09T07:21:05.761088,2025-07-09T07:21:05.761095,false
003431487390366550,001554610413572758,Christine,Wagner,Christine Wagner,christine.wagner@lyontechnologies.com,+88-155-9673311,+28-574-8578236,CEO,Executive,430 Commerce Plaza,Helsinki,FI,51441,"CEO at Lyon Technologies, responsible for overall company strategy and growth.",Phone Inquiry,2024-10-09T07:21:05.761219,2025-07-18T07:21:05.761227,true
003542554011317590,001554610413572758,Lars,Olsson,Lars Olsson,lars.olsson@lyontechnologies.com,+62-431-8564609,+13-283-8611499,CTO,IT,430 Commerce Plaza,Helsinki,FI,51441,"CTO at Lyon Technologies, responsible for technology strategy and innovation.",Word of mouth,2025-03-11T07:21:05.761287,2025-06-23T07:21:05.761294,false
003878803516706945,001554610413572758,Barbara,Bernard,Barbara Bernard,barbara.bernard@lyontechnologies.com,+93-828-3751363,+25-193-2915369,VP Sales,Sales,430 Commerce Plaza,Helsinki,FI,51441,"VP Sales at Lyon Technologies, responsible for sales strategy and revenue growth.",Cold Call,2024-11-04T07:21:05.761353,2025-07-01T07:21:05.761359,false
003532446114905756,001554610413572758,Barbara,Eriksson,Barbara Eriksson,barbara.eriksson@lyontechnologies.com,+75-726-3682671,+58-663-7385526,IT Director,Operations,430 Commerce Plaza,Helsinki,FI,51441,"IT Director at Lyon Technologies, responsible for operational excellence and team leadership.",Web,2025-03-27T07:21:05.761416,2025-06-22T07:21:05.761423,false
003965990729152090,001554610413572758,Paul,Fischer,Paul Fischer,paul.fischer@lyontechnologies.com,+16-529-6168426,+49-847-8486970,Marketing Manager,Operations,430 Commerce Plaza,Helsinki,FI,51441,"Marketing Manager at Lyon Technologies, responsible for operational excellence and team leadership.",Other,2024-08-06T07:21:05.761489,2025-07-16T07:21:05.761496,false
003961757797047575,001695534384135654,Donald,Smith,Donald Smith,donald.smith@manchestertechhub.com,+42-112-8694746,+73-975-9365828,CEO,Executive,271 High Street,Rotterdam,NL,4450 WK,"CEO at Manchester Tech Hub, responsible for overall company strategy and growth.",Trade Show,2025-06-20T07:21:05.761622,2025-07-02T07:21:05.761630,true
003842499295407726,001695534384135654,Donna,Bauer,Donna Bauer,donna.bauer@manchestertechhub.com,+70-564-7881198,+66-181-1110277,CTO,IT,271 High Street,Rotterdam,NL,4450 WK,"CTO at Manchester Tech Hub, responsible for technology strategy and innovation.",Purchased List,2024-09-15T07:21:05.761689,2025-07-13T07:21:05.761696,false
003161994194705878,001878019938714288,Michael,Schulz,Michael Schulz,michael.schulz@vikingtechnologies.com,+93-457-1616077,+28-974-1544120,CEO,Executive,441 Business Park,Hamburg,DE,56898,"CEO at Viking Technologies, responsible for overall company strategy and growth.",Email Campaign,2024-08-31T07:21:05.761819,2025-06-25T07:21:05.761827,true
003222595757085138,001878019938714288,Gabriele,Lopez,Gabriele Lopez,gabriele.lopez@vikingtechnologies.com,+63-282-3706755,+96-391-3976601,CTO,IT,441 Business Park,Hamburg,DE,56898,"CTO at Viking Technologies, responsible for technology strategy and innovation.",External Referral,2024-08-30T07:21:05.761887,2025-07-10T07:21:05.761894,false
003514972536714233,001878019938714288,William,Leroy,William Leroy,william.leroy@vikingtechnologies.com,+58-939-2135258,+64-963-2089275,VP Sales,Sales,441 Business Park,Hamburg,DE,56898,"VP Sales at Viking Technologies, responsible for sales strategy and revenue growth.",Other,2024-10-24T07:21:05.761952,2025-07-17T07:21:05.761959,false
003565851596467609,001878019938714288,Hans,Lefebvre,Hans Lefebvre,hans.lefebvre@vikingtechnologies.com,+77-314-4507293,+88-159-2833787,IT Director,Operations,441 Business Park,Hamburg,DE,56898,"IT Director at Viking Technologies, responsible for operational excellence and team leadership.",Word of mouth,2024-08-04T07:21:05.762018,2025-07-05T07:21:05.762025,false
003785495794492043,001493678679338708,Astrid,Petit,Astrid Petit,astrid.petit@britishtechventures.com,+50-365-9814602,+83-738-6936673,CEO,Executive,409 Technology Way,Barcelona,ES,66959,"CEO at BritishTech Ventures, responsible for overall company strategy and growth.",Partner Referral,2024-08-12T07:21:05.762149,2025-07-03T07:21:05.762157,true
003362021392237581,001493678679338708,Sophie,Andersson,Sophie Andersson,sophie.andersson@britishtechventures.com,+47-298-1026523,+25-124-8799486,CTO,IT,409 Technology Way,Barcelona,ES,66959,"CTO at BritishTech Ventures, responsible for technology strategy and innovation.",Email Campaign,2025-04-23T07:21:05.762216,2025-06-28T07:21:05.762222,false
003151219263297961,001493678679338708,Anders,Smit,Anders Smit,anders.smit@britishtechventures.com,+52-458-4562439,+11-755-4375360,VP Sales,Sales,409 Technology Way,Barcelona,ES,66959,"VP Sales at BritishTech Ventures, responsible for sales strategy and revenue growth.",Cold Call,2025-01-29T07:21:05.762280,2025-07-13T07:21:05.762287,false
003719237676050769,001493678679338708,Jürgen,Leroy,Jürgen Leroy,jürgen.leroy@britishtechventures.com,+51-885-1102865,+24-802-6591559,IT Director,Operations,409 Technology Way,Barcelona,ES,66959,"IT Director at BritishTech Ventures, responsible for operational excellence and team leadership.",Advertisement,2024-12-02T07:21:05.762345,2025-06-28T07:21:05.762352,false
003639429305790473,001493678679338708,Mark,Hoffmann,Mark Hoffmann,mark.hoffmann@britishtechventures.com,+70-916-1596568,+92-239-9078154,Senior Sales Executive,Operations,409 Technology Way,Barcelona,ES,66959,"Senior Sales Executive at BritishTech Ventures, responsible for operational excellence and team leadership.",Partner Referral,2024-08-05T07:21:05.762417,2025-07-07T07:21:05.762424,false
003936079498536136,001493678679338708,Christine,Visser,Christine Visser,christine.visser@britishtechventures.com,+17-955-9742158,+48-678-6293259,Business Analyst,Operations,409 Technology Way,Barcelona,ES,66959,"Business Analyst at BritishTech Ventures, responsible for operational excellence and team leadership.",Trade Show,2024-09-21T07:21:05.762488,2025-07-21T07:21:05.762495,false
003268104889455522,001178784437518755,Monika,Rodriguez,Monika Rodriguez,monika.rodriguez@datavaultsystems.com,+45-960-1522998,+53-484-9963616,CEO,Executive,520 Technology Way,Lyon,FR,82667,"CEO at DataVault Systems, responsible for overall company strategy and growth.",Partner Referral,2024-09-03T07:21:05.762621,2025-07-02T07:21:05.762629,true
003946159162093872,001178784437518755,Nancy,Hansson,Nancy Hansson,nancy.hansson@datavaultsystems.com,+49-822-6276424,+14-378-7943579,CTO,IT,520 Technology Way,Lyon,FR,82667,"CTO at DataVault Systems, responsible for technology strategy and innovation.",Phone Inquiry,2024-10-11T07:21:05.762689,2025-06-23T07:21:05.762695,false
003343349851804460,001178784437518755,Matthias,de Groot,Matthias de Groot,matthias.de groot@datavaultsystems.com,+77-409-3936226,+24-483-1627384,VP Sales,Sales,520 Technology Way,Lyon,FR,82667,"VP Sales at DataVault Systems, responsible for sales strategy and revenue growth.",Purchased List,2025-05-06T07:21:05.762755,2025-07-07T07:21:05.762762,false
003482935806097019,001847433897535913,Emma,Weber,Emma Weber,emma.weber@rheinanalytics.com,+71-850-9785019,+49-894-6491819,CEO,Executive,231 Business Park,Madrid,ES,95990,"CEO at Rhein Analytics, responsible for overall company strategy and growth.",Partner Referral,2025-05-03T07:21:05.762884,2025-06-25T07:21:05.762893,true
003536383535147786,001847433897535913,Steven,Jones,Steven Jones,steven.jones@rheinanalytics.com,+76-218-1068952,+49-145-2460891,CTO,IT,231 Business Park,Madrid,ES,95990,"CTO at Rhein Analytics, responsible for technology strategy and innovation.",Advertisement,2024-10-26T07:21:05.762953,2025-06-23T07:21:05.762960,false
003841950301168247,001847433897535913,Richard,Nilsson,Richard Nilsson,richard.nilsson@rheinanalytics.com,+49-123-6236888,+91-314-6383479,VP Sales,Sales,231 Business Park,Madrid,ES,95990,"VP Sales at Rhein Analytics, responsible for sales strategy and revenue growth.",Purchased List,2025-03-16T07:21:05.763018,2025-07-12T07:21:05.763025,false
003596651862368278,001847433897535913,Anna,Simon,Anna Simon,anna.simon@rheinanalytics.com,+95-220-5574378,+29-261-5590865,IT Director,Operations,231 Business Park,Madrid,ES,95990,"IT Director at Rhein Analytics, responsible for operational excellence and team leadership.",Phone Inquiry,2025-06-15T07:21:05.763102,2025-07-02T07:21:05.763110,false
003718528334836482,001698004048748481,Steven,Olsson,Steven Olsson,steven.olsson@netherlandsfintech.com,+50-377-3374929,+46-687-5107483,CEO,Executive,437 Commerce Plaza,Manchester,GB,NE21 8OI,"CEO at Netherlands FinTech, responsible for overall company strategy and growth.",Partner Referral,2025-05-17T07:21:05.763252,2025-07-12T07:21:05.763262,true
003246450012726304,001698004048748481,Anna,Mulder,Anna Mulder,anna.mulder@netherlandsfintech.com,+13-582-1846511,+23-492-1902612,CTO,IT,437 Commerce Plaza,Manchester,GB,NE21 8OI,"CTO at Netherlands FinTech, responsible for technology strategy and innovation.",Phone Inquiry,2024-11-16T07:21:05.763321,2025-07-09T07:21:05.763328,false
003887416498308727,001698004048748481,Nils,Jansson,Nils Jansson,nils.jansson@netherlandsfintech.com,+67-731-6966385,+49-440-4324357,VP Sales,Sales,437 Commerce Plaza,Manchester,GB,NE21 8OI,"VP Sales at Netherlands FinTech, responsible for sales strategy and revenue growth.",Cold Call,2024-09-22T07:21:05.763386,2025-07-19T07:21:05.763393,false
003627231710882090,001698004048748481,Lisa,Schmidt,Lisa Schmidt,lisa.schmidt@netherlandsfintech.com,+22-566-6207508,+97-759-8808058,IT Director,Operations,437 Commerce Plaza,Manchester,GB,NE21 8OI,"IT Director at Netherlands FinTech, responsible for operational excellence and team leadership.",External Referral,2025-02-24T07:21:05.763451,2025-07-14T07:21:05.763458,false
003887693494614555,001332873394218332,Ursula,Bakker,Ursula Bakker,ursula.bakker@frankfurtfintech.com,+95-438-6448586,+68-599-1507747,CEO,Executive,489 High Street,Barcelona,ES,99016,"CEO at Frankfurt FinTech, responsible for overall company strategy and growth.",Phone Inquiry,2024-10-22T07:21:05.763588,2025-07-18T07:21:05.763597,true
003292306498249556,001332873394218332,Isabelle,Vos,Isabelle Vos,isabelle.vos@frankfurtfintech.com,+46-886-6848796,+87-688-3137316,CTO,IT,489 High Street,Barcelona,ES,99016,"CTO at Frankfurt FinTech, responsible for technology strategy and innovation.",Trade Show,2025-05-01T07:21:05.763742,2025-07-09T07:21:05.763753,false
003179854821339810,001392908395623467,Andreas,Svensson,Andreas Svensson,andreas.svensson@oslomaritime.com,+48-645-8733874,+61-704-7936404,CEO,Executive,780 Innovation Drive,Utrecht,NL,9837 BL,"CEO at Oslo Maritime, responsible for overall company strategy and growth.",Purchased List,2024-08-09T07:21:05.763922,2025-07-14T07:21:05.763933,true
003483609582734798,001392908395623467,Nicolas,van Dijk,Nicolas van Dijk,nicolas.van dijk@oslomaritime.com,+36-933-8233471,+65-680-6741177,CTO,IT,780 Innovation Drive,Utrecht,NL,9837 BL,"CTO at Oslo Maritime, responsible for technology strategy and innovation.",Trade Show,2025-02-22T07:21:05.763992,2025-07-16T07:21:05.764000,false
003766716854305617,001392908395623467,Erik,van Leeuwen,Erik van Leeuwen,erik.van leeuwen@oslomaritime.com,+86-574-6458938,+81-199-8469488,VP Sales,Sales,780 Innovation Drive,Utrecht,NL,9837 BL,"VP Sales at Oslo Maritime, responsible for sales strategy and revenue growth.",Partner Referral,2025-01-16T07:21:05.764059,2025-07-09T07:21:05.764066,false
003968457833694822,001392908395623467,Nils,Wilson,Nils Wilson,nils.wilson@oslomaritime.com,+58-435-9292896,+92-776-2031500,IT Director,Operations,780 Innovation Drive,Utrecht,NL,9837 BL,"IT Director at Oslo Maritime, responsible for operational excellence and team leadership.",Phone Inquiry,2025-03-03T07:21:05.764124,2025-06-25T07:21:05.764131,false
003698140565987752,001392908395623467,Daniel,Weber,Daniel Weber,daniel.weber@oslomaritime.com,+47-499-8502096,+35-310-6311628,VP Technology,IT,780 Innovation Drive,Utrecht,NL,9837 BL,"VP Technology at Oslo Maritime, responsible for operational excellence and team leadership.",Other,2024-09-04T07:21:05.764201,2025-06-26T07:21:05.764208,false
003200532257790147,001450198596890828,Catherine,Garcia,Catherine Garcia,catherine.garcia@toulouseaerospace.com,+84-108-9563491,+61-967-3140029,CEO,Executive,407 Business Park,Barcelona,ES,76317,"CEO at Toulouse Aerospace, responsible for overall company strategy and growth.",Other,2025-05-22T07:21:05.764346,2025-07-10T07:21:05.764355,true
003223507622507727,001450198596890828,James,Svensson,James Svensson,james.svensson@toulouseaerospace.com,+46-986-1523193,+40-542-7614724,CTO,IT,407 Business Park,Barcelona,ES,76317,"CTO at Toulouse Aerospace, responsible for technology strategy and innovation.",Email Campaign,2025-01-11T07:21:05.764414,2025-06-29T07:21:05.764421,false
003713748400758117,001450198596890828,Françoise,van der Berg,Françoise van der Berg,françoise.van der berg@toulouseaerospace.com,+37-778-3909338,+70-242-4157922,VP Sales,Sales,407 Business Park,Barcelona,ES,76317,"VP Sales at Toulouse Aerospace, responsible for sales strategy and revenue growth.",Trade Show,2024-12-08T07:21:05.764480,2025-06-25T07:21:05.764487,false
003854427638815551,001450198596890828,Monique,Weber,Monique Weber,monique.weber@toulouseaerospace.com,+26-237-1194661,+19-763-1263533,IT Director,Operations,407 Business Park,Barcelona,ES,76317,"IT Director at Toulouse Aerospace, responsible for operational excellence and team leadership.",Partner Referral,2024-10-16T07:21:05.764545,2025-06-30T07:21:05.764552,false
003882941566744223,001450198596890828,William,Schneider,William Schneider,william.schneider@toulouseaerospace.com,+87-535-4016499,+68-621-8115631,Product Manager,Operations,407 Business Park,Barcelona,ES,76317,"Product Manager at Toulouse Aerospace, responsible for operational excellence and team leadership.",Trade Show,2024-11-04T07:21:05.764617,2025-07-09T07:21:05.764624,false
003750700462157466,001972168435331866,Philippe,Bengtsson,Philippe Bengtsson,philippe.bengtsson@tilburgmanufacturing.com,+73-967-4972005,+74-375-7892714,CEO,Executive,873 Business Park,Warsaw,PL,82848,"CEO at Tilburg Manufacturing, responsible for overall company strategy and growth.",Trade Show,2024-08-31T07:21:05.764754,2025-07-10T07:21:05.764762,true
003893626132575700,001972168435331866,Robert,Gustafsson,Robert Gustafsson,robert.gustafsson@tilburgmanufacturing.com,+57-215-9078781,+98-181-3383832,CTO,IT,873 Business Park,Warsaw,PL,82848,"CTO at Tilburg Manufacturing, responsible for technology strategy and innovation.",Cold Call,2024-09-26T07:21:05.764825,2025-06-24T07:21:05.764832,false
003689244079222491,001972168435331866,Christine,Nilsson,Christine Nilsson,christine.nilsson@tilburgmanufacturing.com,+88-190-5114298,+70-745-2309997,VP Sales,Sales,873 Business Park,Warsaw,PL,82848,"VP Sales at Tilburg Manufacturing, responsible for sales strategy and revenue growth.",Email Campaign,2024-08-02T07:21:05.764890,2025-07-04T07:21:05.764896,false
003486800045612363,001349495913956837,Birgitta,Miller,Birgitta Miller,birgitta.miller@dublincloud.com,+78-897-1180915,+70-564-9601059,CEO,Executive,485 Commerce Plaza,Paris,FR,56112,"CEO at Dublin Cloud, responsible for overall company strategy and growth.",External Referral,2024-09-02T07:21:05.765021,2025-06-28T07:21:05.765029,true
003431712342547296,001349495913956837,Monique,David,Monique David,monique.david@dublincloud.com,+47-271-1592675,+98-711-6101462,CTO,IT,485 Commerce Plaza,Paris,FR,56112,"CTO at Dublin Cloud, responsible for technology strategy and innovation.",Cold Call,2024-09-07T07:21:05.765087,2025-07-13T07:21:05.765094,false
003290368318557694,001349495913956837,Magnus,Peters,Magnus Peters,magnus.peters@dublincloud.com,+83-152-5894806,+89-127-5811968,VP Sales,Sales,485 Commerce Plaza,Paris,FR,56112,"VP Sales at Dublin Cloud, responsible for sales strategy and revenue growth.",External Referral,2025-05-11T07:21:05.765152,2025-07-17T07:21:05.765159,false
003793324254941036,001349495913956837,Hans,Bernard,Hans Bernard,hans.bernard@dublincloud.com,+45-381-5311001,+11-859-2871488,IT Director,Operations,485 Commerce Plaza,Paris,FR,56112,"IT Director at Dublin Cloud, responsible for operational excellence and team leadership.",Word of mouth,2025-03-25T07:21:05.765217,2025-06-22T07:21:05.765223,false
003297481770952147,001349495913956837,Alain,de Jong,Alain de Jong,alain.de jong@dublincloud.com,+43-901-4962709,+72-285-9848116,Senior Sales Executive,Operations,485 Commerce Plaza,Paris,FR,56112,"Senior Sales Executive at Dublin Cloud, responsible for operational excellence and team leadership.",Web,2024-12-29T07:21:05.765290,2025-07-19T07:21:05.765297,false
003531407003783886,001723023895177926,Laurent,Visser,Laurent Visser,laurent.visser@amsterdamanalyticsbv.com,+40-776-8385078,+91-271-4537589,CEO,Executive,588 Technology Way,Paris,FR,43092,"CEO at Amsterdam Analytics BV, responsible for overall company strategy and growth.",Word of mouth,2024-12-28T07:21:05.765423,2025-07-20T07:21:05.765432,true
003622431951789081,001723023895177926,Jessica,Miller,Jessica Miller,jessica.miller@amsterdamanalyticsbv.com,+61-587-6056101,+70-864-9934217,CTO,IT,588 Technology Way,Paris,FR,43092,"CTO at Amsterdam Analytics BV, responsible for technology strategy and innovation.",Purchased List,2024-12-10T07:21:05.765491,2025-06-30T07:21:05.765497,false
003697224415857179,001723023895177926,Isabelle,Dubois,Isabelle Dubois,isabelle.dubois@amsterdamanalyticsbv.com,+65-112-5845129,+67-491-6296376,VP Sales,Sales,588 Technology Way,Paris,FR,43092,"VP Sales at Amsterdam Analytics BV, responsible for sales strategy and revenue growth.",Trade Show,2025-06-01T07:21:05.765555,2025-07-18T07:21:05.765562,false
003404360001137806,001723023895177926,Catherine,Thomas,Catherine Thomas,catherine.thomas@amsterdamanalyticsbv.com,+44-921-2648810,+42-770-7562471,IT Director,Operations,588 Technology Way,Paris,FR,43092,"IT Director at Amsterdam Analytics BV, responsible for operational excellence and team leadership.",External Referral,2025-02-19T07:21:05.765620,2025-06-28T07:21:05.765627,false
003877185832923127,001723023895177926,Jan,Michel,Jan Michel,jan.michel@amsterdamanalyticsbv.com,+33-420-1177469,+96-108-2140044,Business Development Manager,Operations,588 Technology Way,Paris,FR,43092,"Business Development Manager at Amsterdam Analytics BV, responsible for operational excellence and team leadership.",Web,2024-11-24T07:21:05.765691,2025-07-18T07:21:05.765698,false
003916560124701457,001723023895177926,Alain,Garcia,Alain Garcia,alain.garcia@amsterdamanalyticsbv.com,+46-357-4239337,+14-124-2542518,Head of IT,Operations,588 Technology Way,Paris,FR,43092,"Head of IT at Amsterdam Analytics BV, responsible for operational excellence and team leadership.",Web,2024-08-22T07:21:05.765763,2025-06-30T07:21:05.765770,false
003197260049715696,001958765600834926,Nils,Müller,Nils Müller,nils.müller@strasbourgsoftware.com,+87-233-7307535,+94-882-4099902,CEO,Executive,246 Business Park,Copenhagen,DK,5632,"CEO at Strasbourg Software, responsible for overall company strategy and growth.",Phone Inquiry,2025-03-20T07:21:05.765900,2025-07-13T07:21:05.765908,true
003610532621115026,001958765600834926,Christine,Martinez,Christine Martinez,christine.martinez@strasbourgsoftware.com,+45-887-8163592,+98-783-6425820,CTO,IT,246 Business Park,Copenhagen,DK,5632,"CTO at Strasbourg Software, responsible for technology strategy and innovation.",Other,2025-04-01T07:21:05.765967,2025-06-27T07:21:05.765975,false
003537512782683546,001958765600834926,Hans,Davis,Hans Davis,hans.davis@strasbourgsoftware.com,+52-161-5332524,+43-282-8391619,VP Sales,Sales,246 Business Park,Copenhagen,DK,5632,"VP Sales at Strasbourg Software, responsible for sales strategy and revenue growth.",Phone Inquiry,2024-10-14T07:21:05.766032,2025-06-22T07:21:05.766039,false
003826747887592128,001958765600834926,Anders,Bakker,Anders Bakker,anders.bakker@strasbourgsoftware.com,+72-211-3413781,+79-887-8235234,IT Director,Operations,246 Business Park,Copenhagen,DK,5632,"IT Director at Strasbourg Software, responsible for operational excellence and team leadership.",Purchased List,2024-08-12T07:21:05.766097,2025-07-01T07:21:05.766103,false
003182098449589448,001958765600834926,Sabine,Wilson,Sabine Wilson,sabine.wilson@strasbourgsoftware.com,+19-685-5204309,+67-119-9350043,VP Operations,Operations,246 Business Park,Copenhagen,DK,5632,"VP Operations at Strasbourg Software, responsible for operational excellence and team leadership.",Partner Referral,2024-07-23T07:21:05.766168,2025-07-01T07:21:05.766175,false
003888191574474577,001594442169655869,Pierre,Thomas,Pierre Thomas,pierre.thomas@bordeauxanalytics.com,+52-500-1062138,+75-824-9232235,CEO,Executive,966 Technology Way,Munich,DE,88385,"CEO at Bordeaux Analytics, responsible for overall company strategy and growth.",External Referral,2024-11-11T07:21:05.766302,2025-07-09T07:21:05.766311,true
003532821048492102,001594442169655869,Pieter,Richter,Pieter Richter,pieter.richter@bordeauxanalytics.com,+98-937-9087731,+25-680-9980912,CTO,IT,966 Technology Way,Munich,DE,88385,"CTO at Bordeaux Analytics, responsible for technology strategy and innovation.",Advertisement,2025-01-03T07:21:05.766370,2025-06-30T07:21:05.766376,false
003701936940756434,001217770881457844,Magnus,Lopez,Magnus Lopez,magnus.lopez@zurichprecisionsa.com,+53-182-8711468,+47-763-4407796,CEO,Executive,679 Innovation Drive,Stockholm,SE,985 75,"CEO at Zurich Precision SA, responsible for overall company strategy and growth.",Partner Referral,2024-09-12T07:21:05.766497,2025-07-20T07:21:05.766505,true
003539219229382478,001217770881457844,Betty,Leroy,Betty Leroy,betty.leroy@zurichprecisionsa.com,+23-745-7027401,+72-186-8348147,CTO,IT,679 Innovation Drive,Stockholm,SE,985 75,"CTO at Zurich Precision SA, responsible for technology strategy and innovation.",Cold Call,2025-03-17T07:21:05.766563,2025-07-17T07:21:05.766570,false
003368511017125253,001217770881457844,Donald,Brown,Donald Brown,donald.brown@zurichprecisionsa.com,+72-498-2056840,+79-758-6162867,VP Sales,Sales,679 Innovation Drive,Stockholm,SE,985 75,"VP Sales at Zurich Precision SA, responsible for sales strategy and revenue growth.",External Referral,2024-09-22T07:21:05.766627,2025-06-25T07:21:05.766634,false
003480233695466922,001278317205722058,Robert,Michel,Robert Michel,robert.michel@deutscheinnovationag.com,+15-515-2982850,+37-926-9776491,CEO,Executive,862 High Street,Zurich,CH,4122,"CEO at Deutsche Innovation AG, responsible for overall company strategy and growth.",External Referral,2024-09-21T07:21:05.766756,2025-07-17T07:21:05.766765,true
003259419459901101,001278317205722058,David,Jones,David Jones,david.jones@deutscheinnovationag.com,+72-769-1319824,+70-733-1768424,CTO,IT,862 High Street,Zurich,CH,4122,"CTO at Deutsche Innovation AG, responsible for technology strategy and innovation.",Purchased List,2024-07-25T07:21:05.766823,2025-07-17T07:21:05.766830,false
003446032220664750,001278317205722058,Mark,Miller,Mark Miller,mark.miller@deutscheinnovationag.com,+22-567-3863692,+85-165-2783941,VP Sales,Sales,862 High Street,Zurich,CH,4122,"VP Sales at Deutsche Innovation AG, responsible for sales strategy and revenue growth.",Phone Inquiry,2024-10-11T07:21:05.766889,2025-07-02T07:21:05.766896,false
003479814378484182,001278317205722058,David,Schäfer,David Schäfer,david.schäfer@deutscheinnovationag.com,+96-511-6439759,+25-800-3304005,IT Director,Operations,862 High Street,Zurich,CH,4122,"IT Director at Deutsche Innovation AG, responsible for operational excellence and team leadership.",Advertisement,2025-03-05T07:21:05.766956,2025-06-27T07:21:05.766963,false
003408374875483451,001278317205722058,Stefan,Rodriguez,Stefan Rodriguez,stefan.rodriguez@deutscheinnovationag.com,+28-875-7965133,+31-813-7206350,COO,Operations,862 High Street,Zurich,CH,4122,"COO at Deutsche Innovation AG, responsible for operational excellence and team leadership.",Trade Show,2025-03-30T07:21:05.767027,2025-07-07T07:21:05.767034,false
003789546829726105,001474294997240570,Christopher,Gonzalez,Christopher Gonzalez,christopher.gonzalez@nantesmaritimetech.com,+58-896-3646667,+12-598-2354300,CEO,Executive,715 Business Park,London,GB,EC50 4YN,"CEO at Nantes Maritime Tech, responsible for overall company strategy and growth.",Web,2025-06-19T07:21:05.767192,2025-07-16T07:21:05.767203,true
003880813957171824,001474294997240570,Lars,Petit,Lars Petit,lars.petit@nantesmaritimetech.com,+70-808-3128901,+36-246-5545782,CTO,IT,715 Business Park,London,GB,EC50 4YN,"CTO at Nantes Maritime Tech, responsible for technology strategy and innovation.",Trade Show,2024-11-04T07:21:05.767262,2025-07-08T07:21:05.767269,false
003302664887797682,001474294997240570,Mark,Jones,Mark Jones,mark.jones@nantesmaritimetech.com,+73-726-2476750,+90-946-6053293,VP Sales,Sales,715 Business Park,London,GB,EC50 4YN,"VP Sales at Nantes Maritime Tech, responsible for sales strategy and revenue growth.",Advertisement,2024-11-20T07:21:05.767328,2025-07-21T07:21:05.767335,false
003207730565005732,001547525682484924,Thomas,Eriksson,Thomas Eriksson,thomas.eriksson@praguesoftware.com,+89-470-9515120,+38-575-4491484,CEO,Executive,642 Innovation Drive,Budapest,HU,56984,"CEO at Prague Software, responsible for overall company strategy and growth.",Other,2025-05-26T07:21:05.767468,2025-07-15T07:21:05.767477,true
003298524115165682,001547525682484924,Daniel,Peters,Daniel Peters,daniel.peters@praguesoftware.com,+30-786-1723359,+16-760-7110145,CTO,IT,642 Innovation Drive,Budapest,HU,56984,"CTO at Prague Software, responsible for technology strategy and innovation.",Other,2025-03-07T07:21:05.767536,2025-07-08T07:21:05.767543,false
003217566325840580,001547525682484924,Gabriele,Bos,Gabriele Bos,gabriele.bos@praguesoftware.com,+16-650-3950904,+30-904-1487633,VP Sales,Sales,642 Innovation Drive,Budapest,HU,56984,"VP Sales at Prague Software, responsible for sales strategy and revenue growth.",External Referral,2024-10-02T07:21:05.767601,2025-07-18T07:21:05.767607,false
003752755970269119,001547525682484924,Kenneth,Mulder,Kenneth Mulder,kenneth.mulder@praguesoftware.com,+51-529-4334495,+96-433-4859820,IT Director,Operations,642 Innovation Drive,Budapest,HU,56984,"IT Director at Prague Software, responsible for operational excellence and team leadership.",Phone Inquiry,2025-01-07T07:21:05.767665,2025-07-14T07:21:05.767671,false
003348446211621290,001797731965152347,Betty,van der Berg,Betty van der Berg,betty.van der berg@hollanddatasystems.com,+19-582-9127012,+16-546-3431711,CEO,Executive,654 Technology Way,Helsinki,FI,42780,"CEO at Holland Data Systems, responsible for overall company strategy and growth.",Purchased List,2024-08-14T07:21:05.767797,2025-07-07T07:21:05.767806,true
003615366596602289,001797731965152347,Pierre,de Jong,Pierre de Jong,pierre.de jong@hollanddatasystems.com,+34-747-7016144,+44-307-6635321,CTO,IT,654 Technology Way,Helsinki,FI,42780,"CTO at Holland Data Systems, responsible for technology strategy and innovation.",Partner Referral,2025-06-06T07:21:05.767864,2025-06-29T07:21:05.767871,false
003624148581716732,001422229504491043,Sarah,Anderson,Sarah Anderson,sarah.anderson@financeflowltd.com,+68-528-3872281,+53-325-5951988,CEO,Executive,695 Business Park,Marseille,FR,14373,"CEO at FinanceFlow Ltd, responsible for overall company strategy and growth.",Word of mouth,2025-04-03T07:21:05.767992,2025-06-26T07:21:05.768001,true
003358625127942952,001422229504491043,Erik,Persson,Erik Persson,erik.persson@financeflowltd.com,+21-521-9753827,+72-982-4631304,CTO,IT,695 Business Park,Marseille,FR,14373,"CTO at FinanceFlow Ltd, responsible for technology strategy and innovation.",Word of mouth,2024-10-23T07:21:05.768060,2025-06-25T07:21:05.768067,false
003582010135163288,001422229504491043,Petra,Johnson,Petra Johnson,petra.johnson@financeflowltd.com,+41-353-6491114,+65-693-4731363,VP Sales,Sales,695 Business Park,Marseille,FR,14373,"VP Sales at FinanceFlow Ltd, responsible for sales strategy and revenue growth.",Word of mouth,2025-04-07T07:21:05.768125,2025-06-22T07:21:05.768132,false
003925821153243347,001422229504491043,Michel,Garcia,Michel Garcia,michel.garcia@financeflowltd.com,+74-134-8142021,+77-503-9040805,IT Director,Operations,695 Business Park,Marseille,FR,14373,"IT Director at FinanceFlow Ltd, responsible for operational excellence and team leadership.",Cold Call,2025-05-03T07:21:05.768190,2025-07-07T07:21:05.768197,false
003923919438392403,001859314673714218,Johan,Johnson,Johan Johnson,johan.johnson@thehaguesolutions.com,+62-323-3226537,+55-402-5010801,CEO,Executive,550 High Street,Budapest,HU,25292,"CEO at The Hague Solutions, responsible for overall company strategy and growth.",Email Campaign,2025-05-07T07:21:05.768319,2025-07-21T07:21:05.768328,true
003617108493173587,001859314673714218,Susanne,Meyer,Susanne Meyer,susanne.meyer@thehaguesolutions.com,+83-865-1409590,+68-574-3325723,CTO,IT,550 High Street,Budapest,HU,25292,"CTO at The Hague Solutions, responsible for technology strategy and innovation.",Cold Call,2024-11-27T07:21:05.768386,2025-07-16T07:21:05.768393,false
003813147982998761,001859314673714218,Karin,Vos,Karin Vos,karin.vos@thehaguesolutions.com,+10-981-2186125,+59-807-6585238,VP Sales,Sales,550 High Street,Budapest,HU,25292,"VP Sales at The Hague Solutions, responsible for sales strategy and revenue growth.",Trade Show,2025-06-06T07:21:05.768451,2025-07-12T07:21:05.768458,false
003994502424427343,001859314673714218,Petra,Olsson,Petra Olsson,petra.olsson@thehaguesolutions.com,+36-906-2358267,+89-443-1919587,IT Director,Operations,550 High Street,Budapest,HU,25292,"IT Director at The Hague Solutions, responsible for operational excellence and team leadership.",Trade Show,2024-12-18T07:21:05.768518,2025-06-23T07:21:05.768525,false
003146018938767271,001884174025698903,Ursula,Vos,Ursula Vos,ursula.vos@colognedatasystems.com,+56-475-3940499,+92-672-2124172,CEO,Executive,854 Innovation Drive,Oslo,NO,7018,"CEO at Cologne Data Systems, responsible for overall company strategy and growth.",Trade Show,2025-03-10T07:21:05.768650,2025-07-17T07:21:05.768658,true
003830750518435247,001884174025698903,Donna,Olsson,Donna Olsson,donna.olsson@colognedatasystems.com,+71-855-4519758,+38-428-6917519,CTO,IT,854 Innovation Drive,Oslo,NO,7018,"CTO at Cologne Data Systems, responsible for technology strategy and innovation.",Other,2024-10-08T07:21:05.768718,2025-06-30T07:21:05.768725,false
003609367424173300,001961492399239428,David,de Jong,David de Jong,david.de jong@sterlinganalytics.com,+72-613-9836267,+25-581-9923876,CEO,Executive,337 Business Park,London,GB,EC1 5EE,"CEO at Sterling Analytics, responsible for overall company strategy and growth.",Email Campaign,2024-09-23T07:21:05.768845,2025-06-23T07:21:05.768853,true
003858078048206845,001961492399239428,Sylvie,de Jong,Sylvie de Jong,sylvie.de jong@sterlinganalytics.com,+98-928-2101048,+34-568-2464797,CTO,IT,337 Business Park,London,GB,EC1 5EE,"CTO at Sterling Analytics, responsible for technology strategy and innovation.",Phone Inquiry,2024-12-04T07:21:05.768912,2025-06-23T07:21:05.768919,false
003285508697167604,001961492399239428,Wolfgang,Martinez,Wolfgang Martinez,wolfgang.martinez@sterlinganalytics.com,+45-214-3482256,+73-254-4426849,VP Sales,Sales,337 Business Park,London,GB,EC1 5EE,"VP Sales at Sterling Analytics, responsible for sales strategy and revenue growth.",Trade Show,2024-08-05T07:21:05.768977,2025-07-21T07:21:05.768984,false
003599742724170560,001349440979620502,Nicolas,Garcia,Nicolas Garcia,nicolas.garcia@fjordanalytics.com,+92-121-5890840,+34-164-1369713,CEO,Executive,470 High Street,Edinburgh,GB,SW62 7NV,"CEO at Fjord Analytics, responsible for overall company strategy and growth.",Purchased List,2024-09-29T07:21:05.769106,2025-07-01T07:21:05.769114,true
003838319235366782,001349440979620502,Monique,Jonsson,Monique Jonsson,monique.jonsson@fjordanalytics.com,+92-905-6474513,+72-707-9894713,CTO,IT,470 High Street,Edinburgh,GB,SW62 7NV,"CTO at Fjord Analytics, responsible for technology strategy and innovation.",Trade Show,2024-11-07T07:21:05.769173,2025-07-07T07:21:05.769180,false
003988727080914376,001349440979620502,Lisa,Schmidt,Lisa Schmidt,lisa.schmidt@fjordanalytics.com,+49-275-5362201,+39-595-7239485,VP Sales,Sales,470 High Street,Edinburgh,GB,SW62 7NV,"VP Sales at Fjord Analytics, responsible for sales strategy and revenue growth.",Other,2025-05-29T07:21:05.769238,2025-07-17T07:21:05.769244,false
003702715817857694,001481601031630769,Lisa,Meyer,Lisa Meyer,lisa.meyer@stuttgartengineering.com,+46-286-3942041,+98-782-3575047,CEO,Executive,321 Technology Way,Stockholm,SE,856 57,"CEO at Stuttgart Engineering, responsible for overall company strategy and growth.",Partner Referral,2025-02-21T07:21:05.769365,2025-07-18T07:21:05.769374,true
003596395683402106,001481601031630769,Andreas,Pettersson,Andreas Pettersson,andreas.pettersson@stuttgartengineering.com,+43-478-4095339,+36-675-1581986,CTO,IT,321 Technology Way,Stockholm,SE,856 57,"CTO at Stuttgart Engineering, responsible for technology strategy and innovation.",Email Campaign,2025-01-11T07:21:05.769432,2025-07-10T07:21:05.769439,false
003700827968356144,001481601031630769,Matthias,de Groot,Matthias de Groot,matthias.de groot@stuttgartengineering.com,+48-224-1418175,+61-611-3439136,VP Sales,Sales,321 Technology Way,Stockholm,SE,856 57,"VP Sales at Stuttgart Engineering, responsible for sales strategy and revenue growth.",External Referral,2025-01-10T07:21:05.769497,2025-07-17T07:21:05.769504,false
003426318283474761,001726300056921184,Andrea,Peters,Andrea Peters,andrea.peters@brusselseutech.com,+83-782-3467651,+82-846-8417300,CEO,Executive,866 Commerce Plaza,Berlin,DE,96223,"CEO at Brussels EU Tech, responsible for overall company strategy and growth.",Advertisement,2025-04-26T07:21:05.769625,2025-06-28T07:21:05.769633,true
003720325038584918,001726300056921184,Jennifer,Schneider,Jennifer Schneider,jennifer.schneider@brusselseutech.com,+24-415-1416001,+61-732-4697107,CTO,IT,866 Commerce Plaza,Berlin,DE,96223,"CTO at Brussels EU Tech, responsible for technology strategy and innovation.",External Referral,2024-12-22T07:21:05.769692,2025-07-19T07:21:05.769699,false
003979644616059758,001974637123305927,Lars,Eriksson,Lars Eriksson,lars.eriksson@scandinaviandata.com,+45-300-1378303,+20-651-8473546,CEO,Executive,691 High Street,Utrecht,NL,5475 GY,"CEO at Scandinavian Data, responsible for overall company strategy and growth.",Email Campaign,2025-05-09T07:21:05.769821,2025-07-05T07:21:05.769830,true
003779108708701045,001974637123305927,Betty,van Leeuwen,Betty van Leeuwen,betty.van leeuwen@scandinaviandata.com,+87-623-1940322,+95-469-7669916,CTO,IT,691 High Street,Utrecht,NL,5475 GY,"CTO at Scandinavian Data, responsible for technology strategy and innovation.",Partner Referral,2024-11-16T07:21:05.769888,2025-07-10T07:21:05.769895,false
003488343575533758,001974637123305927,Ursula,Johnson,Ursula Johnson,ursula.johnson@scandinaviandata.com,+54-415-8475525,+81-189-4618764,VP Sales,Sales,691 High Street,Utrecht,NL,5475 GY,"VP Sales at Scandinavian Data, responsible for sales strategy and revenue growth.",Cold Call,2024-11-07T07:21:05.769954,2025-06-28T07:21:05.769961,false
003919659314074186,001235091015635874,Andrea,Meyer,Andrea Meyer,andrea.meyer@techstartlondon.com,+64-846-7949018,+27-955-2444148,CEO,Executive,390 Commerce Plaza,Manchester,GB,WC30 9RV,"CEO at TechStart London, responsible for overall company strategy and growth.",Partner Referral,2025-03-08T07:21:05.770084,2025-07-12T07:21:05.770093,true
003765045449625148,001235091015635874,Sophie,Lefebvre,Sophie Lefebvre,sophie.lefebvre@techstartlondon.com,+58-190-1111046,+62-754-5585697,CTO,IT,390 Commerce Plaza,Manchester,GB,WC30 9RV,"CTO at TechStart London, responsible for technology strategy and innovation.",Employee Referral,2025-03-25T07:21:05.770152,2025-07-04T07:21:05.770159,false
003309423461157682,001235091015635874,Lisa,Schneider,Lisa Schneider,lisa.schneider@techstartlondon.com,+58-396-9230660,+15-942-6066600,VP Sales,Sales,390 Commerce Plaza,Manchester,GB,WC30 9RV,"VP Sales at TechStart London, responsible for sales strategy and revenue growth.",Word of mouth,2025-01-18T07:21:05.770217,2025-07-06T07:21:05.770223,false
003102756472298842,001235091015635874,Sandra,Brown,Sandra Brown,sandra.brown@techstartlondon.com,+29-368-6036006,+91-954-8927925,IT Director,Operations,390 Commerce Plaza,Manchester,GB,WC30 9RV,"IT Director at TechStart London, responsible for operational excellence and team leadership.",Phone Inquiry,2024-07-23T07:21:05.770283,2025-06-30T07:21:05.770290,false
003825964096437688,001235091015635874,Monique,Becker,Monique Becker,monique.becker@techstartlondon.com,+41-129-3002438,+45-604-2119456,Finance Director,Operations,390 Commerce Plaza,Manchester,GB,WC30 9RV,"Finance Director at TechStart London, responsible for operational excellence and team leadership.",Word of mouth,2024-12-19T07:21:05.770356,2025-07-03T07:21:05.770363,false
003881653872543097,001235091015635874,Sabine,Peters,Sabine Peters,sabine.peters@techstartlondon.com,+25-482-9598757,+83-117-5354311,Head of Marketing,Operations,390 Commerce Plaza,Manchester,GB,WC30 9RV,"Head of Marketing at TechStart London, responsible for operational excellence and team leadership.",Partner Referral,2024-08-29T07:21:05.770427,2025-07-20T07:21:05.770434,false
003159546127997946,001763011677732648,Sarah,David,Sarah David,sarah.david@milanfashiontech.com,+44-469-8038277,+91-464-1817300,CEO,Executive,227 Technology Way,Prague,CZ,19876,"CEO at Milan Fashion Tech, responsible for overall company strategy and growth.",Other,2025-01-24T07:21:05.770562,2025-07-05T07:21:05.770571,true
003807100937654866,001763011677732648,Willem,Hoffmann,Willem Hoffmann,willem.hoffmann@milanfashiontech.com,+33-883-2585592,+86-870-3804075,CTO,IT,227 Technology Way,Prague,CZ,19876,"CTO at Milan Fashion Tech, responsible for technology strategy and innovation.",Trade Show,2025-01-08T07:21:05.770629,2025-06-24T07:21:05.770636,false
003701703854934478,001176881803365339,Petra,Bertrand,Petra Bertrand,petra.bertrand@midnightsuntech.com,+84-460-3411179,+11-240-9693462,CEO,Executive,606 High Street,Vienna,AT,84928,"CEO at Midnight Sun Tech, responsible for overall company strategy and growth.",Other,2024-12-14T07:21:05.770758,2025-06-27T07:21:05.770767,true
003215311982167860,001176881803365339,Monique,Michel,Monique Michel,monique.michel@midnightsuntech.com,+37-258-9445363,+38-951-4161109,CTO,IT,606 High Street,Vienna,AT,84928,"CTO at Midnight Sun Tech, responsible for technology strategy and innovation.",Trade Show,2024-08-12T07:21:05.770825,2025-06-29T07:21:05.770832,false
003186019244360877,001176881803365339,Michel,Bos,Michel Bos,michel.bos@midnightsuntech.com,+24-938-3201710,+12-591-6841992,VP Sales,Sales,606 High Street,Vienna,AT,84928,"VP Sales at Midnight Sun Tech, responsible for sales strategy and revenue growth.",Other,2024-12-19T07:21:05.770890,2025-07-17T07:21:05.770897,false
003938184466172139,001294285620729286,Nancy,Leroy,Nancy Leroy,nancy.leroy@marseilledigital.com,+25-327-3159470,+98-245-4801288,CEO,Executive,536 Commerce Plaza,Helsinki,FI,22387,"CEO at Marseille Digital, responsible for overall company strategy and growth.",Other,2025-04-19T07:21:05.771018,2025-07-15T07:21:05.771027,true
003959090915521820,001294285620729286,William,Meijer,William Meijer,william.meijer@marseilledigital.com,+24-179-1315519,+71-875-8235132,CTO,IT,536 Commerce Plaza,Helsinki,FI,22387,"CTO at Marseille Digital, responsible for technology strategy and innovation.",Web,2025-03-14T07:21:05.771101,2025-07-18T07:21:05.771109,false
003628139498029495,001294285620729286,Willem,Jansson,Willem Jansson,willem.jansson@marseilledigital.com,+25-359-1726143,+18-408-1172342,VP Sales,Sales,536 Commerce Plaza,Helsinki,FI,22387,"VP Sales at Marseille Digital, responsible for sales strategy and revenue growth.",Phone Inquiry,2025-04-20T07:21:05.771167,2025-06-22T07:21:05.771174,false
003855025979497627,001294285620729286,Lars,Schäfer,Lars Schäfer,lars.schäfer@marseilledigital.com,+54-129-2523024,+28-966-5653591,IT Director,Operations,536 Commerce Plaza,Helsinki,FI,22387,"IT Director at Marseille Digital, responsible for operational excellence and team leadership.",Word of mouth,2024-12-26T07:21:05.771233,2025-07-10T07:21:05.771240,false
003211579248888142,001294285620729286,Willem,Gustafsson,Willem Gustafsson,willem.gustafsson@marseilledigital.com,+84-881-1234617,+77-322-4213634,Director of Sales,Sales,536 Commerce Plaza,Helsinki,FI,22387,"Director of Sales at Marseille Digital, responsible for operational excellence and team leadership.",Other,2025-03-27T07:21:05.771305,2025-06-23T07:21:05.771312,false
003667674075898979,001524104651228233,Richard,Bauer,Richard Bauer,richard.bauer@beneluxventures.com,+70-475-4105895,+66-789-2800606,CEO,Executive,96 Innovation Drive,Rotterdam,NL,6598 YP,"CEO at Benelux Ventures, responsible for overall company strategy and growth.",Partner Referral,2024-12-23T07:21:05.771455,2025-07-09T07:21:05.771465,true
003558892463111737,001524104651228233,Helen,Karlsson,Helen Karlsson,helen.karlsson@beneluxventures.com,+24-879-6272748,+25-577-2850798,CTO,IT,96 Innovation Drive,Rotterdam,NL,6598 YP,"CTO at Benelux Ventures, responsible for technology strategy and innovation.",Trade Show,2025-04-14T07:21:05.771524,2025-07-06T07:21:05.771530,false
003145723028418909,001524104651228233,Andrea,Svensson,Andrea Svensson,andrea.svensson@beneluxventures.com,+20-435-9283126,+24-494-5758210,VP Sales,Sales,96 Innovation Drive,Rotterdam,NL,6598 YP,"VP Sales at Benelux Ventures, responsible for sales strategy and revenue growth.",External Referral,2024-08-19T07:21:05.771587,2025-06-28T07:21:05.771594,false
003558558857375387,001524104651228233,Sylvie,Richter,Sylvie Richter,sylvie.richter@beneluxventures.com,+47-975-8180005,+34-977-2167847,IT Director,Operations,96 Innovation Drive,Rotterdam,NL,6598 YP,"IT Director at Benelux Ventures, responsible for operational excellence and team leadership.",External Referral,2024-12-16T07:21:05.771652,2025-07-16T07:21:05.771659,false
003688463940605842,001524104651228233,Susan,Bakker,Susan Bakker,susan.bakker@beneluxventures.com,+94-792-2426162,+25-246-7623837,CFO,Finance,96 Innovation Drive,Rotterdam,NL,6598 YP,"CFO at Benelux Ventures, responsible for financial planning and budget decisions.",Employee Referral,2024-08-24T07:21:05.771723,2025-07-18T07:21:05.771730,false
003324154236695260,001861516446104041,David,Bertrand,David Bertrand,david.bertrand@frenchdatasolutions.com,+53-305-7782844,+25-338-8125354,CEO,Executive,240 Commerce Plaza,Utrecht,NL,8218 OY,"CEO at French Data Solutions, responsible for overall company strategy and growth.",Cold Call,2024-10-10T07:21:05.771861,2025-07-13T07:21:05.771870,true
003850612003143759,001861516446104041,Françoise,David,Françoise David,françoise.david@frenchdatasolutions.com,+87-514-9129112,+75-385-3472527,CTO,IT,240 Commerce Plaza,Utrecht,NL,8218 OY,"CTO at French Data Solutions, responsible for technology strategy and innovation.",External Referral,2025-04-28T07:21:05.771931,2025-07-18T07:21:05.771937,false
003807480889271065,001861516446104041,Martine,Andersson,Martine Andersson,martine.andersson@frenchdatasolutions.com,+27-130-2671067,+16-950-2144687,VP Sales,Sales,240 Commerce Plaza,Utrecht,NL,8218 OY,"VP Sales at French Data Solutions, responsible for sales strategy and revenue growth.",External Referral,2025-06-09T07:21:05.771997,2025-07-16T07:21:05.772004,false
003440866440478683,001861516446104041,Astrid,Laurent,Astrid Laurent,astrid.laurent@frenchdatasolutions.com,+89-738-2616210,+19-776-9723295,IT Director,Operations,240 Commerce Plaza,Utrecht,NL,8218 OY,"IT Director at French Data Solutions, responsible for operational excellence and team leadership.",External Referral,2024-10-27T07:21:05.772061,2025-07-15T07:21:05.772068,false
003710728293465823,001677986227217882,Martine,Johansson,Martine Johansson,martine.johansson@maastrichtbiotech.com,+53-928-1296459,+14-540-2998738,CEO,Executive,906 Technology Way,Budapest,HU,28191,"CEO at Maastricht Biotech, responsible for overall company strategy and growth.",Employee Referral,2024-11-04T07:21:05.772196,2025-07-11T07:21:05.772204,true
003136992707858178,001677986227217882,Sylvie,Bos,Sylvie Bos,sylvie.bos@maastrichtbiotech.com,+32-670-6084244,+31-603-8225630,CTO,IT,906 Technology Way,Budapest,HU,28191,"CTO at Maastricht Biotech, responsible for technology strategy and innovation.",Partner Referral,2025-01-14T07:21:05.772263,2025-06-29T07:21:05.772270,false
003860009791143666,001677986227217882,Martine,Anderson,Martine Anderson,martine.anderson@maastrichtbiotech.com,+72-775-8882244,+70-675-3622462,VP Sales,Sales,906 Technology Way,Budapest,HU,28191,"VP Sales at Maastricht Biotech, responsible for sales strategy and revenue growth.",Trade Show,2025-05-25T07:21:05.772328,2025-07-09T07:21:05.772334,false
003460830014121474,001367556225091177,Birgitta,David,Birgitta David,birgitta.david@cloudbridgesolutions.com,+17-128-1756962,+26-957-7147341,CEO,Executive,65 High Street,Edinburgh,GB,NE77 9AU,"CEO at CloudBridge Solutions, responsible for overall company strategy and growth.",Advertisement,2024-08-28T07:21:05.772458,2025-07-21T07:21:05.772467,true
003488597594922673,001367556225091177,Marie,Gonzalez,Marie Gonzalez,marie.gonzalez@cloudbridgesolutions.com,+55-521-6893320,+17-777-5097480,CTO,IT,65 High Street,Edinburgh,GB,NE77 9AU,"CTO at CloudBridge Solutions, responsible for technology strategy and innovation.",Purchased List,2025-02-22T07:21:05.772529,2025-07-01T07:21:05.772536,false
003874609851859255,001367556225091177,Ingrid,Hernandez,Ingrid Hernandez,ingrid.hernandez@cloudbridgesolutions.com,+18-989-6115582,+24-445-3848423,VP Sales,Sales,65 High Street,Edinburgh,GB,NE77 9AU,"VP Sales at CloudBridge Solutions, responsible for sales strategy and revenue growth.",Web,2024-09-20T07:21:05.772593,2025-07-11T07:21:05.772600,false
003574198325775287,001925218872012200,Lisa,Karlsson,Lisa Karlsson,lisa.karlsson@utrechtsoftware.com,+44-120-8880256,+85-122-6310229,CEO,Executive,834 Business Park,Rome,IT,77552,"CEO at Utrecht Software, responsible for overall company strategy and growth.",Employee Referral,2024-09-03T07:21:05.772723,2025-07-09T07:21:05.772732,true
003649845184970085,001925218872012200,Lisa,Gonzalez,Lisa Gonzalez,lisa.gonzalez@utrechtsoftware.com,+22-807-4454568,+53-608-9435056,CTO,IT,834 Business Park,Rome,IT,77552,"CTO at Utrecht Software, responsible for technology strategy and innovation.",Email Campaign,2024-12-31T07:21:05.772790,2025-07-16T07:21:05.772797,false
003815444901657150,001550386975875936,Catherine,Schäfer,Catherine Schäfer,catherine.schäfer@thamesdigital.com,+19-960-9989803,+37-394-5448564,CEO,Executive,377 Commerce Plaza,Vienna,AT,68606,"CEO at Thames Digital, responsible for overall company strategy and growth.",Web,2025-01-21T07:21:05.772917,2025-07-03T07:21:05.772925,true
003206659406182665,001550386975875936,Sandra,Lopez,Sandra Lopez,sandra.lopez@thamesdigital.com,+85-444-5586302,+18-680-9909769,CTO,IT,377 Commerce Plaza,Vienna,AT,68606,"CTO at Thames Digital, responsible for technology strategy and innovation.",External Referral,2024-11-16T07:21:05.772984,2025-07-15T07:21:05.772991,false
003587411356718718,001550386975875936,Elizabeth,Leroy,Elizabeth Leroy,elizabeth.leroy@thamesdigital.com,+94-652-6257190,+35-524-7749490,VP Sales,Sales,377 Commerce Plaza,Vienna,AT,68606,"VP Sales at Thames Digital, responsible for sales strategy and revenue growth.",Other,2024-08-07T07:21:05.773049,2025-07-05T07:21:05.773055,false
003120946043957275,001550386975875936,Maria,Schulz,Maria Schulz,maria.schulz@thamesdigital.com,+90-820-9660803,+33-690-9375247,IT Director,Operations,377 Commerce Plaza,Vienna,AT,68606,"IT Director at Thames Digital, responsible for operational excellence and team leadership.",Purchased List,2024-10-26T07:21:05.773113,2025-07-13T07:21:05.773120,false
003325908932965802,001135063910236548,Lisa,Davis,Lisa Davis,lisa.davis@lillemanufacturing.com,+56-573-3478727,+40-254-6037789,CEO,Executive,798 Technology Way,Stockholm,SE,881 19,"CEO at Lille Manufacturing, responsible for overall company strategy and growth.",Employee Referral,2024-11-24T07:21:05.773241,2025-07-11T07:21:05.773250,true
003564366907509471,001135063910236548,Magnus,Koch,Magnus Koch,magnus.koch@lillemanufacturing.com,+44-943-5815809,+92-264-5302460,CTO,IT,798 Technology Way,Stockholm,SE,881 19,"CTO at Lille Manufacturing, responsible for technology strategy and innovation.",Email Campaign,2024-08-19T07:21:05.773308,2025-07-14T07:21:05.773314,false
003316076153777425,001135063910236548,Donna,Anderson,Donna Anderson,donna.anderson@lillemanufacturing.com,+13-351-6210006,+69-597-8317096,VP Sales,Sales,798 Technology Way,Stockholm,SE,881 19,"VP Sales at Lille Manufacturing, responsible for sales strategy and revenue growth.",Employee Referral,2024-07-26T07:21:05.773372,2025-06-23T07:21:05.773378,false
003253606381663106,001135063910236548,Donald,Meyer,Donald Meyer,donald.meyer@lillemanufacturing.com,+13-364-5660240,+94-663-3952542,IT Director,Operations,798 Technology Way,Stockholm,SE,881 19,"IT Director at Lille Manufacturing, responsible for operational excellence and team leadership.",Email Campaign,2025-06-01T07:21:05.773436,2025-06-28T07:21:05.773443,false
003777339165626401,001135063910236548,Michael,Hernandez,Michael Hernandez,michael.hernandez@lillemanufacturing.com,+48-987-2066723,+62-472-2515088,Head of Marketing,Operations,798 Technology Way,Stockholm,SE,881 19,"Head of Marketing at Lille Manufacturing, responsible for operational excellence and team leadership.",Employee Referral,2025-04-12T07:21:05.773509,2025-07-14T07:21:05.773516,false
003972702778662437,001881350266966249,Jan,Jonsson,Jan Jonsson,jan.jonsson@techberlinventures.com,+77-357-9329067,+21-343-3051464,CEO,Executive,463 Business Park,Zurich,CH,3852,"CEO at TechBerlin Ventures, responsible for overall company strategy and growth.",Advertisement,2025-01-05T07:21:05.773639,2025-06-25T07:21:05.773647,true
003262440894440906,001881350266966249,Donna,Meijer,Donna Meijer,donna.meijer@techberlinventures.com,+23-279-4592146,+45-550-7851404,CTO,IT,463 Business Park,Zurich,CH,3852,"CTO at TechBerlin Ventures, responsible for technology strategy and innovation.",Other,2024-08-25T07:21:05.773790,2025-07-20T07:21:05.773799,false
003577134555836994,001548288539913535,Jessica,Simon,Jessica Simon,jessica.simon@dutchinnovationlabs.com,+70-799-5133011,+45-903-3431212,CEO,Executive,996 Technology Way,Geneva,CH,9238,"CEO at Dutch Innovation Labs, responsible for overall company strategy and growth.",Advertisement,2024-10-22T07:21:05.773978,2025-06-29T07:21:05.773989,true
003782087644208567,001548288539913535,Susanne,Williams,Susanne Williams,susanne.williams@dutchinnovationlabs.com,+14-961-1917249,+98-907-5021093,CTO,IT,996 Technology Way,Geneva,CH,9238,"CTO at Dutch Innovation Labs, responsible for technology strategy and innovation.",Other,2024-09-13T07:21:05.774048,2025-07-09T07:21:05.774055,false
003237420421754721,001548288539913535,Karin,Bertrand,Karin Bertrand,karin.bertrand@dutchinnovationlabs.com,+78-987-4965830,+66-497-1131971,VP Sales,Sales,996 Technology Way,Geneva,CH,9238,"VP Sales at Dutch Innovation Labs, responsible for sales strategy and revenue growth.",Employee Referral,2025-02-12T07:21:05.774115,2025-07-12T07:21:05.774122,false
003280401039947179,001548288539913535,Kenneth,Leroy,Kenneth Leroy,kenneth.leroy@dutchinnovationlabs.com,+66-746-6321470,+92-516-1568440,IT Director,Operations,996 Technology Way,Geneva,CH,9238,"IT Director at Dutch Innovation Labs, responsible for operational excellence and team leadership.",Other,2025-05-12T07:21:05.774183,2025-06-25T07:21:05.774190,false
003907704388782181,001440950073308960,Isabelle,Visser,Isabelle Visser,isabelle.visser@eindhoventech.com,+64-997-2684358,+30-815-5378351,CEO,Executive,176 Commerce Plaza,Helsinki,FI,91016,"CEO at Eindhoven Tech, responsible for overall company strategy and growth.",Trade Show,2025-05-20T07:21:05.774327,2025-07-10T07:21:05.774336,true
003467910067340034,001440950073308960,Astrid,Persson,Astrid Persson,astrid.persson@eindhoventech.com,+68-811-1458871,+16-756-4082639,CTO,IT,176 Commerce Plaza,Helsinki,FI,91016,"CTO at Eindhoven Tech, responsible for technology strategy and innovation.",Email Campaign,2024-11-07T07:21:05.774395,2025-06-26T07:21:05.774402,false
003807399152837329,001440950073308960,James,Janssen,James Janssen,james.janssen@eindhoventech.com,+49-421-2379624,+24-261-5187652,VP Sales,Sales,176 Commerce Plaza,Helsinki,FI,91016,"VP Sales at Eindhoven Tech, responsible for sales strategy and revenue growth.",Trade Show,2024-07-25T07:21:05.774460,2025-06-27T07:21:05.774468,false
003608332226126907,001440950073308960,Nils,Visser,Nils Visser,nils.visser@eindhoventech.com,+71-994-3239922,+43-277-6495887,IT Director,Operations,176 Commerce Plaza,Helsinki,FI,91016,"IT Director at Eindhoven Tech, responsible for operational excellence and team leadership.",Other,2025-03-13T07:21:05.774526,2025-07-19T07:21:05.774532,false
003524827569248402,001440950073308960,Nancy,Bakker,Nancy Bakker,nancy.bakker@eindhoventech.com,+83-329-1347869,+12-671-4837070,Product Manager,Operations,176 Commerce Plaza,Helsinki,FI,91016,"Product Manager at Eindhoven Tech, responsible for operational excellence and team leadership.",Phone Inquiry,2024-10-29T07:21:05.774600,2025-07-15T07:21:05.774607,false
003582903007265647,001483021764762154,Michael,Janssen,Michael Janssen,michael.janssen@autotechmünchen.com,+86-366-3504019,+21-476-3854188,CEO,Executive,999 Innovation Drive,Copenhagen,DK,5061,"CEO at AutoTech München, responsible for overall company strategy and growth.",Word of mouth,2025-04-23T07:21:05.774737,2025-07-21T07:21:05.774746,true
003352746449474374,001483021764762154,Christine,Andersson,Christine Andersson,christine.andersson@autotechmünchen.com,+36-295-5466142,+46-864-9290765,CTO,IT,999 Innovation Drive,Copenhagen,DK,5061,"CTO at AutoTech München, responsible for technology strategy and innovation.",Employee Referral,2025-04-17T07:21:05.774806,2025-07-08T07:21:05.774813,false
003918201075157650,001483021764762154,Nils,Bauer,Nils Bauer,nils.bauer@autotechmünchen.com,+96-293-8018429,+33-518-3448514,VP Sales,Sales,999 Innovation Drive,Copenhagen,DK,5061,"VP Sales at AutoTech München, responsible for sales strategy and revenue growth.",Web,2025-01-25T07:21:05.774871,2025-07-13T07:21:05.774877,false
003870416557236928,001201382802563540,Donna,de Jong,Donna de Jong,donna.de jong@nicetechsystems.com,+92-569-2438456,+11-580-3234807,CEO,Executive,50 High Street,Vienna,AT,47827,"CEO at Nice Tech Systems, responsible for overall company strategy and growth.",Advertisement,2024-12-01T07:21:05.775000,2025-06-30T07:21:05.775010,true
003772384586699139,001201382802563540,Pierre,Meijer,Pierre Meijer,pierre.meijer@nicetechsystems.com,+42-174-2598523,+81-160-1874304,CTO,IT,50 High Street,Vienna,AT,47827,"CTO at Nice Tech Systems, responsible for technology strategy and innovation.",Advertisement,2025-02-22T07:21:05.775085,2025-07-06T07:21:05.775093,false
003942447997771105,001201382802563540,Astrid,Hansson,Astrid Hansson,astrid.hansson@nicetechsystems.com,+15-105-5255656,+74-734-7391073,VP Sales,Sales,50 High Street,Vienna,AT,47827,"VP Sales at Nice Tech Systems, responsible for sales strategy and revenue growth.",Other,2024-12-02T07:21:05.775152,2025-06-30T07:21:05.775160,false
003291251716667728,001994974003113234,Lars,Becker,Lars Becker,lars.becker@warsawfintech.com,+74-604-6690441,+69-235-2504043,CEO,Executive,412 Commerce Plaza,Vienna,AT,54089,"CEO at Warsaw FinTech, responsible for overall company strategy and growth.",Advertisement,2024-09-24T07:21:05.775301,2025-07-08T07:21:05.775310,true
003149719886901222,001994974003113234,Klaus,Anderson,Klaus Anderson,klaus.anderson@warsawfintech.com,+26-611-5714408,+56-540-5746702,CTO,IT,412 Commerce Plaza,Vienna,AT,54089,"CTO at Warsaw FinTech, responsible for technology strategy and innovation.",Other,2024-08-13T07:21:05.775370,2025-06-25T07:21:05.775377,false
003455267518423351,001994974003113234,Sophie,Simon,Sophie Simon,sophie.simon@warsawfintech.com,+72-882-3537801,+81-973-8381800,VP Sales,Sales,412 Commerce Plaza,Vienna,AT,54089,"VP Sales at Warsaw FinTech, responsible for sales strategy and revenue growth.",Web,2025-03-18T07:21:05.775445,2025-07-17T07:21:05.775452,false
003284143545502141,001916644646869448,Robert,Peters,Robert Peters,robert.peters@innovateuktechnologies.com,+69-546-2946560,+73-141-8407471,CEO,Executive,739 High Street,Oslo,NO,4125,"CEO at InnovateUK Technologies, responsible for overall company strategy and growth.",Advertisement,2024-09-08T07:21:05.775583,2025-07-06T07:21:05.775592,true
003910382357224630,001916644646869448,Martine,Anderson,Martine Anderson,martine.anderson@innovateuktechnologies.com,+28-226-6865386,+21-308-5766683,CTO,IT,739 High Street,Oslo,NO,4125,"CTO at InnovateUK Technologies, responsible for technology strategy and innovation.",Partner Referral,2025-03-28T07:21:05.775651,2025-06-28T07:21:05.775658,false
003757014944405547,001617535713046263,Lisa,Jonsson,Lisa Jonsson,lisa.jonsson@budapestinnovation.com,+10-638-4029442,+63-178-5129836,CEO,Executive,625 Innovation Drive,Munich,DE,39473,"CEO at Budapest Innovation, responsible for overall company strategy and growth.",External Referral,2025-05-05T07:21:05.775784,2025-06-23T07:21:05.775792,true
003237351682482792,001617535713046263,Patricia,Petit,Patricia Petit,patricia.petit@budapestinnovation.com,+60-482-2779557,+51-257-1484433,CTO,IT,625 Innovation Drive,Munich,DE,39473,"CTO at Budapest Innovation, responsible for technology strategy and innovation.",Phone Inquiry,2024-10-30T07:21:05.775852,2025-06-25T07:21:05.775859,false
003840850050909488,001617535713046263,Christine,Thomas,Christine Thomas,christine.thomas@budapestinnovation.com,+10-437-1735630,+93-737-8601790,VP Sales,Sales,625 Innovation Drive,Munich,DE,39473,"VP Sales at Budapest Innovation, responsible for sales strategy and revenue growth.",Advertisement,2024-09-04T07:21:05.775917,2025-07-17T07:21:05.775924,false
003998633100382989,001617535713046263,Michael,Petit,Michael Petit,michael.petit@budapestinnovation.com,+17-861-2186553,+80-716-7398678,IT Director,Operations,625 Innovation Drive,Munich,DE,39473,"IT Director at Budapest Innovation, responsible for operational excellence and team leadership.",Phone Inquiry,2024-11-30T07:21:05.775982,2025-07-13T07:21:05.775989,false
003334440155682348,001706384218743963,Barbara,Williams,Barbara Williams,barbara.williams@hannoverindustries.com,+30-497-7751088,+46-762-3585950,CEO,Executive,249 High Street,Marseille,FR,23133,"CEO at Hannover Industries, responsible for overall company strategy and growth.",Phone Inquiry,2025-01-21T07:21:05.776112,2025-07-06T07:21:05.776121,true
003504247180738763,001706384218743963,Susanne,Bengtsson,Susanne Bengtsson,susanne.bengtsson@hannoverindustries.com,+95-198-7164902,+75-304-9214511,CTO,IT,249 High Street,Marseille,FR,23133,"CTO at Hannover Industries, responsible for technology strategy and innovation.",External Referral,2024-12-06T07:21:05.776179,2025-07-06T07:21:05.776186,false
003201582088592012,001706384218743963,Lisa,Hansson,Lisa Hansson,lisa.hansson@hannoverindustries.com,+64-930-7177975,+88-290-8283088,VP Sales,Sales,249 High Street,Marseille,FR,23133,"VP Sales at Hannover Industries, responsible for sales strategy and revenue growth.",Email Campaign,2024-11-16T07:21:05.776244,2025-07-19T07:21:05.776250,false
003872633038278432,001297919985452583,Christine,Richter,Christine Richter,christine.richter@parisinnovationsa.com,+29-607-9846268,+90-762-9802632,CEO,Executive,898 High Street,Vienna,AT,34405,"CEO at Paris Innovation SA, responsible for overall company strategy and growth.",Phone Inquiry,2025-01-25T07:21:05.776371,2025-07-07T07:21:05.776379,true
003267316036162207,001297919985452583,Barbara,Hendriks,Barbara Hendriks,barbara.hendriks@parisinnovationsa.com,+26-800-6040020,+41-635-8176148,CTO,IT,898 High Street,Vienna,AT,34405,"CTO at Paris Innovation SA, responsible for technology strategy and innovation.",Other,2024-09-04T07:21:05.776438,2025-07-20T07:21:05.776444,false
003578410010398701,001853515078943231,Willem,Wilson,Willem Wilson,willem.wilson@copenhagenanalytics.com,+62-196-8795642,+94-837-5251016,CEO,Executive,7 Technology Way,Marseille,FR,49576,"CEO at Copenhagen Analytics, responsible for overall company strategy and growth.",Advertisement,2025-02-12T07:21:05.776565,2025-07-03T07:21:05.776573,true
003933743835816002,001853515078943231,Willem,Williams,Willem Williams,willem.williams@copenhagenanalytics.com,+94-573-4012385,+33-963-7592730,CTO,IT,7 Technology Way,Marseille,FR,49576,"CTO at Copenhagen Analytics, responsible for technology strategy and innovation.",Web,2025-05-11T07:21:05.776630,2025-07-08T07:21:05.776637,false
003612285334193379,001853515078943231,Birgit,Jansson,Birgit Jansson,birgit.jansson@copenhagenanalytics.com,+95-560-5447210,+53-992-4140556,VP Sales,Sales,7 Technology Way,Marseille,FR,49576,"VP Sales at Copenhagen Analytics, responsible for sales strategy and revenue growth.",Purchased List,2025-03-20T07:21:05.776697,2025-07-19T07:21:05.776703,false
003120171461549500,001853515078943231,Susan,de Boer,Susan de Boer,susan.de boer@copenhagenanalytics.com,+10-504-2957536,+11-275-9004743,IT Director,Operations,7 Technology Way,Marseille,FR,49576,"IT Director at Copenhagen Analytics, responsible for operational excellence and team leadership.",External Referral,2024-11-27T07:21:05.776762,2025-06-24T07:21:05.776769,false
003858635924766335,001890314423212983,Susanne,Bertrand,Susanne Bertrand,susanne.bertrand@rotterdamlogistics.com,+98-791-7626953,+48-189-3098653,CEO,Executive,781 Business Park,Milan,IT,29641,"CEO at Rotterdam Logistics, responsible for overall company strategy and growth.",Partner Referral,2025-06-15T07:21:05.776892,2025-07-15T07:21:05.776900,true
003130193014552164,001890314423212983,John,Hoffmann,John Hoffmann,john.hoffmann@rotterdamlogistics.com,+36-592-3435283,+93-347-8311317,CTO,IT,781 Business Park,Milan,IT,29641,"CTO at Rotterdam Logistics, responsible for technology strategy and innovation.",Email Campaign,2024-09-20T07:21:05.776959,2025-07-15T07:21:05.776966,false
003633663207796495,001890314423212983,Jürgen,Vos,Jürgen Vos,jürgen.vos@rotterdamlogistics.com,+64-122-2953854,+31-256-8470322,VP Sales,Sales,781 Business Park,Milan,IT,29641,"VP Sales at Rotterdam Logistics, responsible for sales strategy and revenue growth.",External Referral,2024-10-24T07:21:05.777025,2025-07-21T07:21:05.777032,false
003431950297115181,001890314423212983,Ingrid,Martin,Ingrid Martin,ingrid.martin@rotterdamlogistics.com,+82-949-7572195,+16-441-1132108,IT Director,Operations,781 Business Park,Milan,IT,29641,"IT Director at Rotterdam Logistics, responsible for operational excellence and team leadership.",Phone Inquiry,2024-08-04T07:21:05.777090,2025-06-24T07:21:05.777096,false
003923120156487897,001614306938061774,Martine,Jonsson,Martine Jonsson,martine.jonsson@aurorasystems.com,+80-397-1621045,+72-509-9155420,CEO,Executive,741 High Street,Edinburgh,GB,NE33 1XG,"CEO at Aurora Systems, responsible for overall company strategy and growth.",Trade Show,2024-08-24T07:21:05.777218,2025-06-28T07:21:05.777226,true
003121412681039619,001614306938061774,Sandra,Davis,Sandra Davis,sandra.davis@aurorasystems.com,+64-690-6299086,+80-165-5493758,CTO,IT,741 High Street,Edinburgh,GB,NE33 1XG,"CTO at Aurora Systems, responsible for technology strategy and innovation.",Email Campaign,2024-11-21T07:21:05.777285,2025-06-23T07:21:05.777291,false
003490423892462166,001614306938061774,Jessica,Andersson,Jessica Andersson,jessica.andersson@aurorasystems.com,+67-814-8318725,+12-265-5832019,VP Sales,Sales,741 High Street,Edinburgh,GB,NE33 1XG,"VP Sales at Aurora Systems, responsible for sales strategy and revenue growth.",Cold Call,2025-03-16T07:21:05.777349,2025-07-06T07:21:05.777356,false
003347362231758333,001614306938061774,Sylvie,Klein,Sylvie Klein,sylvie.klein@aurorasystems.com,+85-801-6690043,+87-973-8859576,IT Director,Operations,741 High Street,Edinburgh,GB,NE33 1XG,"IT Director at Aurora Systems, responsible for operational excellence and team leadership.",Partner Referral,2025-01-23T07:21:05.777413,2025-06-28T07:21:05.777421,false
003282428068164547,001542542852785579,Ursula,Peters,Ursula Peters,ursula.peters@nordicinnovations.com,+89-312-5738845,+98-867-2446060,CEO,Executive,775 High Street,Budapest,HU,87849,"CEO at Nordic Innovations, responsible for overall company strategy and growth.",Email Campaign,2024-10-18T07:21:05.777542,2025-07-17T07:21:05.777550,true
003654152167103995,001542542852785579,Donald,Meyer,Donald Meyer,donald.meyer@nordicinnovations.com,+22-912-7979059,+73-410-4937929,CTO,IT,775 High Street,Budapest,HU,87849,"CTO at Nordic Innovations, responsible for technology strategy and innovation.",Purchased List,2024-09-10T07:21:05.777608,2025-07-20T07:21:05.777615,false
003862152070101541,001542542852785579,Christian,Dubois,Christian Dubois,christian.dubois@nordicinnovations.com,+30-278-9446974,+14-926-2068131,VP Sales,Sales,775 High Street,Budapest,HU,87849,"VP Sales at Nordic Innovations, responsible for sales strategy and revenue growth.",Advertisement,2024-11-14T07:21:05.777673,2025-07-18T07:21:05.777680,false
003647596407821552,001542542852785579,Thomas,Svensson,Thomas Svensson,thomas.svensson@nordicinnovations.com,+43-448-6959954,+15-888-5487758,IT Director,Operations,775 High Street,Budapest,HU,87849,"IT Director at Nordic Innovations, responsible for operational excellence and team leadership.",Partner Referral,2024-10-02T07:21:05.777739,2025-07-02T07:21:05.777746,false
003224896599983510,001363643514874739,Alain,Bos,Alain Bos,alain.bos@berlintechsolutions.com,+23-900-2709062,+81-142-9511177,CEO,Executive,243 Technology Way,Barcelona,ES,97994,"CEO at Berlin Tech Solutions, responsible for overall company strategy and growth.",Phone Inquiry,2025-03-29T07:21:05.777871,2025-07-01T07:21:05.777879,true
003920047370209514,001363643514874739,Steven,Bertrand,Steven Bertrand,steven.bertrand@berlintechsolutions.com,+47-825-8407441,+74-610-2665880,CTO,IT,243 Technology Way,Barcelona,ES,97994,"CTO at Berlin Tech Solutions, responsible for technology strategy and innovation.",Partner Referral,2024-07-26T07:21:05.777938,2025-07-10T07:21:05.777944,false
003327310493861666,001363643514874739,Sarah,Müller,Sarah Müller,sarah.müller@berlintechsolutions.com,+66-525-1110521,+41-954-8946752,VP Sales,Sales,243 Technology Way,Barcelona,ES,97994,"VP Sales at Berlin Tech Solutions, responsible for sales strategy and revenue growth.",Advertisement,2025-01-27T07:21:05.778003,2025-07-05T07:21:05.778010,false
003905243543092519,001363643514874739,William,Thomas,William Thomas,william.thomas@berlintechsolutions.com,+63-469-5117989,+29-871-9886057,IT Director,Operations,243 Technology Way,Barcelona,ES,97994,"IT Director at Berlin Tech Solutions, responsible for operational excellence and team leadership.",Employee Referral,2025-02-26T07:21:05.778067,2025-07-17T07:21:05.778074,false
003994648199594191,001164879409789521,Monique,Bos,Monique Bos,monique.bos@viennaanalytics.com,+97-470-1499339,+66-249-1166911,CEO,Executive,398 Business Park,Hamburg,DE,68954,"CEO at Vienna Analytics, responsible for overall company strategy and growth.",Cold Call,2024-10-01T07:21:05.778203,2025-07-19T07:21:05.778212,true
003285013328557743,001164879409789521,Stefan,Simon,Stefan Simon,stefan.simon@viennaanalytics.com,+65-162-7597913,+14-776-3532555,CTO,IT,398 Business Park,Hamburg,DE,68954,"CTO at Vienna Analytics, responsible for technology strategy and innovation.",Word of mouth,2025-05-24T07:21:05.778271,2025-07-01T07:21:05.778278,false
003866595337202212,001164879409789521,Monique,Janssen,Monique Janssen,monique.janssen@viennaanalytics.com,+99-666-6105693,+50-452-1132577,VP Sales,Sales,398 Business Park,Hamburg,DE,68954,"VP Sales at Vienna Analytics, responsible for sales strategy and revenue growth.",Other,2024-09-25T07:21:05.778337,2025-07-02T07:21:05.778344,false
003330960336815841,001164879409789521,Jean,de Groot,Jean de Groot,jean.de groot@viennaanalytics.com,+79-739-8417942,+99-453-7786479,IT Director,Operations,398 Business Park,Hamburg,DE,68954,"IT Director at Vienna Analytics, responsible for operational excellence and team leadership.",Purchased List,2025-01-19T07:21:05.778402,2025-07-19T07:21:05.778409,false
003419672443550323,001164879409789521,Marie,Schmidt,Marie Schmidt,marie.schmidt@viennaanalytics.com,+37-195-9584425,+80-419-9746564,COO,Operations,398 Business Park,Hamburg,DE,68954,"COO at Vienna Analytics, responsible for operational excellence and team leadership.",Advertisement,2024-08-01T07:21:05.778476,2025-07-16T07:21:05.778483,false
003575971396076191,001780497606070370,Donna,Leroy,Donna Leroy,donna.leroy@helsinkitech.com,+74-213-2005722,+57-365-9514426,CEO,Executive,390 Innovation Drive,Amsterdam,NL,9147 OD,"CEO at Helsinki Tech, responsible for overall company strategy and growth.",Advertisement,2025-04-20T07:21:05.778608,2025-07-20T07:21:05.778617,true
003929631226388043,001780497606070370,Alain,Leroy,Alain Leroy,alain.leroy@helsinkitech.com,+10-564-6687145,+40-924-9947098,CTO,IT,390 Innovation Drive,Amsterdam,NL,9147 OD,"CTO at Helsinki Tech, responsible for technology strategy and innovation.",Word of mouth,2025-02-23T07:21:05.778676,2025-07-10T07:21:05.778683,false
003378810969611148,001662160734841219,Pierre,Nilsson,Pierre Nilsson,pierre.nilsson@barcelonarenewable.com,+23-435-9664623,+84-297-7061063,CEO,Executive,472 Business Park,Dublin,IE,D02 UH18,"CEO at Barcelona Renewable, responsible for overall company strategy and growth.",External Referral,2025-05-03T07:21:05.778802,2025-07-17T07:21:05.778810,true
003170021248031459,001662160734841219,Monique,Hernandez,Monique Hernandez,monique.hernandez@barcelonarenewable.com,+64-233-8990200,+37-556-2309842,CTO,IT,472 Business Park,Dublin,IE,D02 UH18,"CTO at Barcelona Renewable, responsible for technology strategy and innovation.",Advertisement,2024-09-26T07:21:05.778869,2025-07-09T07:21:05.778875,false
003816591665980776,001662160734841219,Sabine,Jonsson,Sabine Jonsson,sabine.jonsson@barcelonarenewable.com,+64-550-9213136,+63-943-3732048,VP Sales,Sales,472 Business Park,Dublin,IE,D02 UH18,"VP Sales at Barcelona Renewable, responsible for sales strategy and revenue growth.",Partner Referral,2024-10-07T07:21:05.778934,2025-07-17T07:21:05.778940,false
003695762916319006,001721097506509766,Sarah,Karlsson,Sarah Karlsson,sarah.karlsson@dresdensoftware.com,+25-811-4567549,+68-584-1547061,CEO,Executive,549 Technology Way,Rotterdam,NL,9591 EH,"CEO at Dresden Software, responsible for overall company strategy and growth.",Cold Call,2025-04-03T07:21:05.779074,2025-07-04T07:21:05.779084,true
003560067672522711,001721097506509766,Jessica,Bengtsson,Jessica Bengtsson,jessica.bengtsson@dresdensoftware.com,+24-223-7200623,+83-396-1675822,CTO,IT,549 Technology Way,Rotterdam,NL,9591 EH,"CTO at Dresden Software, responsible for technology strategy and innovation.",Trade Show,2025-04-05T07:21:05.779145,2025-07-18T07:21:05.779152,false
003430992957158381,001721097506509766,Susanne,de Jong,Susanne de Jong,susanne.de jong@dresdensoftware.com,+72-128-3396950,+28-902-8075907,VP Sales,Sales,549 Technology Way,Rotterdam,NL,9591 EH,"VP Sales at Dresden Software, responsible for sales strategy and revenue growth.",Web,2025-01-17T07:21:05.779210,2025-06-23T07:21:05.779217,false
003932784791907900,001721097506509766,Helen,Schulz,Helen Schulz,helen.schulz@dresdensoftware.com,+72-102-3052321,+80-457-2133544,IT Director,Operations,549 Technology Way,Rotterdam,NL,9591 EH,"IT Director at Dresden Software, responsible for operational excellence and team leadership.",Web,2024-11-21T07:21:05.779274,2025-07-06T07:21:05.779281,false
003249531887913639,001110641368804355,Gabriele,van der Berg,Gabriele van der Berg,gabriele.van der berg@luxembourgcapital.com,+27-616-8733225,+67-783-8534223,CEO,Executive,580 High Street,Budapest,HU,20084,"CEO at Luxembourg Capital, responsible for overall company strategy and growth.",Partner Referral,2025-01-07T07:21:05.779418,2025-07-19T07:21:05.779428,true
003545177226750730,001110641368804355,Marie,Klein,Marie Klein,marie.klein@luxembourgcapital.com,+53-653-1768727,+95-553-5653581,CTO,IT,580 High Street,Budapest,HU,20084,"CTO at Luxembourg Capital, responsible for technology strategy and innovation.",Email Campaign,2025-05-08T07:21:05.779486,2025-06-24T07:21:05.779493,false
003996396740712009,001110641368804355,John,Pettersson,John Pettersson,john.pettersson@luxembourgcapital.com,+49-674-3076710,+92-672-2428614,VP Sales,Sales,580 High Street,Budapest,HU,20084,"VP Sales at Luxembourg Capital, responsible for sales strategy and revenue growth.",Purchased List,2024-08-10T07:21:05.779551,2025-07-04T07:21:05.779557,false
003945052808806243,001110641368804355,Erik,Nilsson,Erik Nilsson,erik.nilsson@luxembourgcapital.com,+70-614-1313131,+25-774-9923120,IT Director,Operations,580 High Street,Budapest,HU,20084,"IT Director at Luxembourg Capital, responsible for operational excellence and team leadership.",Partner Referral,2025-06-13T07:21:05.779615,2025-07-13T07:21:05.779622,false
003783258573903026,001188303342897319,Lars,Mulder,Lars Mulder,lars.mulder@balticsolutions.com,+51-511-1754700,+72-982-1390292,CEO,Executive,859 High Street,Geneva,CH,4043,"CEO at Baltic Solutions, responsible for overall company strategy and growth.",Advertisement,2024-11-11T07:21:05.779748,2025-07-16T07:21:05.779757,true
003530103683135913,001188303342897319,Patricia,Eriksson,Patricia Eriksson,patricia.eriksson@balticsolutions.com,+42-193-2923417,+22-654-3821189,CTO,IT,859 High Street,Geneva,CH,4043,"CTO at Baltic Solutions, responsible for technology strategy and innovation.",Other,2025-04-10T07:21:05.779816,2025-07-16T07:21:05.779823,false
003864046366426273,001188303342897319,Barbara,Weber,Barbara Weber,barbara.weber@balticsolutions.com,+31-160-6457472,+33-127-1981497,VP Sales,Sales,859 High Street,Geneva,CH,4043,"VP Sales at Baltic Solutions, responsible for sales strategy and revenue growth.",Other,2024-12-05T07:21:05.779881,2025-07-18T07:21:05.779888,false
003465037400907485,001188303342897319,Karen,Visser,Karen Visser,karen.visser@balticsolutions.com,+43-484-3029477,+16-307-5020206,IT Director,Operations,859 High Street,Geneva,CH,4043,"IT Director at Baltic Solutions, responsible for operational excellence and team leadership.",Word of mouth,2024-08-26T07:21:05.779946,2025-07-14T07:21:05.779953,false
003458410986296259,001188303342897319,Jessica,Thomas,Jessica Thomas,jessica.thomas@balticsolutions.com,+69-666-7829609,+18-595-1484969,Head of Marketing,Operations,859 High Street,Geneva,CH,4043,"Head of Marketing at Baltic Solutions, responsible for operational excellence and team leadership.",Employee Referral,2024-08-02T07:21:05.780019,2025-07-14T07:21:05.780026,false
003759973107762926,001203041018031068,Hans,Persson,Hans Persson,hans.persson@groningenenergy.com,+96-203-5132498,+81-767-3106737,CEO,Executive,105 Business Park,Lyon,FR,77166,"CEO at Groningen Energy, responsible for overall company strategy and growth.",Other,2024-09-05T07:21:05.780152,2025-07-08T07:21:05.780160,true
003981444127096950,001203041018031068,Barbara,Johansson,Barbara Johansson,barbara.johansson@groningenenergy.com,+28-482-3821731,+41-650-8109386,CTO,IT,105 Business Park,Lyon,FR,77166,"CTO at Groningen Energy, responsible for technology strategy and innovation.",Trade Show,2024-11-03T07:21:05.780219,2025-07-20T07:21:05.780226,false
003100610604254850,001203041018031068,Patrick,Durand,Patrick Durand,patrick.durand@groningenenergy.com,+17-593-5585262,+86-356-7377917,VP Sales,Sales,105 Business Park,Lyon,FR,77166,"VP Sales at Groningen Energy, responsible for sales strategy and revenue growth.",Advertisement,2024-08-03T07:21:05.780287,2025-07-15T07:21:05.780294,false
003701332955944939,001203041018031068,Jennifer,Meyer,Jennifer Meyer,jennifer.meyer@groningenenergy.com,+82-171-6043874,+21-504-3063211,IT Director,Operations,105 Business Park,Lyon,FR,77166,"IT Director at Groningen Energy, responsible for operational excellence and team leadership.",Partner Referral,2024-09-11T07:21:05.780352,2025-07-13T07:21:05.780358,false
003815135001227690,001203041018031068,Helen,Johansson,Helen Johansson,helen.johansson@groningenenergy.com,+43-870-8595349,+44-351-6396194,Finance Director,Operations,105 Business Park,Lyon,FR,77166,"Finance Director at Groningen Energy, responsible for operational excellence and team leadership.",Advertisement,2025-03-07T07:21:05.780423,2025-07-07T07:21:05.780430,false
003785429544595358,001410704096080305,Patricia,Schneider,Patricia Schneider,patricia.schneider@nordicenergy.com,+70-104-1160702,+96-277-7931725,CEO,Executive,967 Business Park,Munich,DE,35630,"CEO at Nordic Energy, responsible for overall company strategy and growth.",Trade Show,2024-10-15T07:21:05.780554,2025-06-27T07:21:05.780563,true
003833261079461168,001410704096080305,Anna,Hernandez,Anna Hernandez,anna.hernandez@nordicenergy.com,+19-651-1519213,+95-555-3070570,CTO,IT,967 Business Park,Munich,DE,35630,"CTO at Nordic Energy, responsible for technology strategy and innovation.",Advertisement,2024-12-12T07:21:05.780622,2025-06-25T07:21:05.780629,false
003964653535232551,001410704096080305,Marie,Becker,Marie Becker,marie.becker@nordicenergy.com,+99-108-3093190,+69-479-4237849,VP Sales,Sales,967 Business Park,Munich,DE,35630,"VP Sales at Nordic Energy, responsible for sales strategy and revenue growth.",External Referral,2025-06-18T07:21:05.780687,2025-07-14T07:21:05.780694,false
003201293331245262,001410704096080305,Hans,David,Hans David,hans.david@nordicenergy.com,+88-740-6086491,+38-339-9284734,IT Director,Operations,967 Business Park,Munich,DE,35630,"IT Director at Nordic Energy, responsible for operational excellence and team leadership.",Advertisement,2025-06-04T07:21:05.780752,2025-07-13T07:21:05.780759,false
003545953491373183,001410704096080305,James,Schäfer,James Schäfer,james.schäfer@nordicenergy.com,+24-990-5653119,+82-612-9288134,Head of Marketing,Operations,967 Business Park,Munich,DE,35630,"Head of Marketing at Nordic Energy, responsible for operational excellence and team leadership.",Partner Referral,2024-09-13T07:21:05.780832,2025-07-15T07:21:05.780839,false
003939889995481445,001410704096080305,David,Jansson,David Jansson,david.jansson@nordicenergy.com,+18-230-5355775,+82-976-4824620,CIO,IT,967 Business Park,Munich,DE,35630,"CIO at Nordic Energy, responsible for operational excellence and team leadership.",Trade Show,2025-02-02T07:21:05.780903,2025-07-15T07:21:05.780910,false
003730637266538837,001523399275710423,Pieter,Bernard,Pieter Bernard,pieter.bernard@montpellierresearch.com,+68-102-8165791,+92-789-1870113,CEO,Executive,607 Commerce Plaza,Amsterdam,NL,8183 ZJ,"CEO at Montpellier Research, responsible for overall company strategy and growth.",Advertisement,2024-11-13T07:21:05.781038,2025-06-24T07:21:05.781046,true
003683547242928471,001523399275710423,Petra,Müller,Petra Müller,petra.müller@montpellierresearch.com,+69-607-7064491,+76-877-1729216,CTO,IT,607 Commerce Plaza,Amsterdam,NL,8183 ZJ,"CTO at Montpellier Research, responsible for technology strategy and innovation.",Cold Call,2025-02-28T07:21:05.781105,2025-07-20T07:21:05.781112,false
003456054716683858,001523399275710423,Monique,Larsson,Monique Larsson,monique.larsson@montpellierresearch.com,+10-501-4264982,+52-183-1425670,VP Sales,Sales,607 Commerce Plaza,Amsterdam,NL,8183 ZJ,"VP Sales at Montpellier Research, responsible for sales strategy and revenue growth.",Cold Call,2025-02-27T07:21:05.781170,2025-06-29T07:21:05.781176,false
003285186950481151,001523399275710423,Elizabeth,Martin,Elizabeth Martin,elizabeth.martin@montpellierresearch.com,+52-418-2054349,+90-740-2622794,IT Director,Operations,607 Commerce Plaza,Amsterdam,NL,8183 ZJ,"IT Director at Montpellier Research, responsible for operational excellence and team leadership.",Web,2024-10-20T07:21:05.781234,2025-07-08T07:21:05.781241,false
003381938148163924,001523399275710423,Lars,Lefebvre,Lars Lefebvre,lars.lefebvre@montpellierresearch.com,+41-210-8945295,+40-448-1913231,Data Architect,Operations,607 Commerce Plaza,Amsterdam,NL,8183 ZJ,"Data Architect at Montpellier Research, responsible for operational excellence and team leadership.",Advertisement,2024-09-29T07:21:05.781305,2025-06-26T07:21:05.781312,false
003207716766594782,001889970583953387,Nils,Mulder,Nils Mulder,nils.mulder@genevapharma.com,+90-557-3094239,+20-162-1559414,CEO,Executive,171 Commerce Plaza,Milan,IT,61266,"CEO at Geneva Pharma, responsible for overall company strategy and growth.",Employee Referral,2025-01-13T07:21:05.781436,2025-06-23T07:21:05.781445,true
003161686218330263,001889970583953387,Christopher,Davis,Christopher Davis,christopher.davis@genevapharma.com,+48-725-8245056,+18-204-1936000,CTO,IT,171 Commerce Plaza,Milan,IT,61266,"CTO at Geneva Pharma, responsible for technology strategy and innovation.",Trade Show,2025-05-27T07:21:05.781504,2025-07-12T07:21:05.781511,false
003946635194613917,001889970583953387,Françoise,Gonzalez,Françoise Gonzalez,françoise.gonzalez@genevapharma.com,+62-338-1177948,+68-493-8788136,VP Sales,Sales,171 Commerce Plaza,Milan,IT,61266,"VP Sales at Geneva Pharma, responsible for sales strategy and revenue growth.",Employee Referral,2024-08-09T07:21:05.781570,2025-07-02T07:21:05.781576,false
003761817215189021,001612657359845331,Patrick,Nilsson,Patrick Nilsson,patrick.nilsson@stockholmsoftwareab.com,+34-210-2722846,+11-709-2133208,CEO,Executive,740 Innovation Drive,Berlin,DE,25084,"CEO at Stockholm Software AB, responsible for overall company strategy and growth.",Word of mouth,2025-03-15T07:21:05.781698,2025-06-23T07:21:05.781706,true
003500133138937678,001612657359845331,Magnus,Karlsson,Magnus Karlsson,magnus.karlsson@stockholmsoftwareab.com,+63-592-8459558,+33-348-3309764,CTO,IT,740 Innovation Drive,Berlin,DE,25084,"CTO at Stockholm Software AB, responsible for technology strategy and innovation.",Web,2025-05-23T07:21:05.781765,2025-07-17T07:21:05.781771,false
003757148512700497,001341839750352307,Emma,David,Emma David,emma.david@thehaguesolutionsinternational.com,+79-894-3443176,+28-580-6178697,CEO,Executive,819 Commerce Plaza,Stockholm,SE,420 86,"CEO at The Hague Solutions International, responsible for overall company strategy and growth.",Word of mouth,2024-12-29T07:21:05.781894,2025-07-12T07:21:05.781902,true
003840480650374420,001341839750352307,Mary,Nilsson,Mary Nilsson,mary.nilsson@thehaguesolutionsinternational.com,+96-248-1961630,+40-619-1916158,CTO,IT,819 Commerce Plaza,Stockholm,SE,420 86,"CTO at The Hague Solutions International, responsible for technology strategy and innovation.",Employee Referral,2024-12-28T07:21:05.781960,2025-07-15T07:21:05.781967,false
003177016431266967,001341839750352307,Magnus,Schäfer,Magnus Schäfer,magnus.schäfer@thehaguesolutionsinternational.com,+53-293-8981342,+98-808-8841710,VP Sales,Sales,819 Commerce Plaza,Stockholm,SE,420 86,"VP Sales at The Hague Solutions International, responsible for sales strategy and revenue growth.",Word of mouth,2025-01-04T07:21:05.782025,2025-06-24T07:21:05.782032,false
003469991755996487,001880740758404231,Birgitta,Leroy,Birgitta Leroy,birgitta.leroy@berlintechsolutionseurope.com,+30-207-8621924,+15-607-4681019,CEO,Executive,434 Business Park,Madrid,ES,11256,"CEO at Berlin Tech Solutions Europe, responsible for overall company strategy and growth.",Web,2024-07-30T07:21:05.782152,2025-07-14T07:21:05.782160,true
003641269985090055,001880740758404231,Patrick,Bauer,Patrick Bauer,patrick.bauer@berlintechsolutionseurope.com,+52-926-7306753,+36-509-4091109,CTO,IT,434 Business Park,Madrid,ES,11256,"CTO at Berlin Tech Solutions Europe, responsible for technology strategy and innovation.",Web,2024-12-19T07:21:05.782219,2025-07-21T07:21:05.782226,false
003229693214852322,001880740758404231,Christian,Brown,Christian Brown,christian.brown@berlintechsolutionseurope.com,+28-397-8388822,+34-746-7038275,VP Sales,Sales,434 Business Park,Madrid,ES,11256,"VP Sales at Berlin Tech Solutions Europe, responsible for sales strategy and revenue growth.",Web,2025-06-07T07:21:05.782284,2025-07-15T07:21:05.782291,false
003909336172600152,001880740758404231,Wolfgang,Becker,Wolfgang Becker,wolfgang.becker@berlintechsolutionseurope.com,+32-447-5126595,+32-300-1360576,IT Director,Operations,434 Business Park,Madrid,ES,11256,"IT Director at Berlin Tech Solutions Europe, responsible for operational excellence and team leadership.",Partner Referral,2025-02-08T07:21:05.782350,2025-06-22T07:21:05.782357,false
003443478027558378,001136809124243328,Pierre,Anderson,Pierre Anderson,pierre.anderson@hollanddatasystemssystems.com,+68-345-7201541,+57-776-3874940,CEO,Executive,580 Innovation Drive,Barcelona,ES,42444,"CEO at Holland Data Systems Systems, responsible for overall company strategy and growth.",Trade Show,2024-08-07T07:21:05.782479,2025-06-23T07:21:05.782487,true
003247265512895465,001136809124243328,Elizabeth,Müller,Elizabeth Müller,elizabeth.müller@hollanddatasystemssystems.com,+34-296-9934785,+58-811-7278962,CTO,IT,580 Innovation Drive,Barcelona,ES,42444,"CTO at Holland Data Systems Systems, responsible for technology strategy and innovation.",Advertisement,2024-08-20T07:21:05.782546,2025-07-08T07:21:05.782553,false
