ID,NAME,ACCOUNT_ID,AMOUNT,CLOSE_DATE,STAGE_NAME,PROBABILITY,FORECAST_CATEGORY_NAME,LEAD_SOURCE,TYPE,DESCRIPTION,NEXT_STEP,CREATED_DATE,LAST_MODIFIED_DATE,CURRENCY_ISO_CODE,IS_CLOSED,IS_WON
006793723830535548,Hamburg Digital - Data Integration,001215400344428713,823443,2024-10-23,Closed Won,100,Closed,Partner Referral,New Customer,Opportunity to provide cloud solutions to Hamburg Digital to address their data challenges requirements. Successfully completed implementation and achieved measurable ROI.,Initiate project kick-off and onboarding,2024-06-26T07:21:05.735541,2024-07-15T07:21:05.735541,EUR,true,true
006429478555098634,Hamburg Digital - Analytics Solution,001215400344428713,608136,2026-06-22,Needs Analysis,30,Pipeline,Other,New Customer,Opportunity to provide AI-powered insights to Hamburg Digital to address their scalability needs requirements.,Arrange reference customer calls,2025-05-12T07:21:05.735647,2025-06-10T07:21:05.735647,EUR,false,false
006381110474393389,Rennes Biotech - Analytics Solution,001721542235717608,117897,2026-01-09,Prospecting,10,Pipeline,Partner Referral,New Customer,Opportunity to provide digital transformation to Rennes Biotech to address their data challenges requirements.,Arrange product demonstration for key stakeholders,2025-07-07T07:21:05.735847,2025-07-20T07:21:05.735847,EUR,false,false
006185025113881301,LondonCorp Dynamics - Data Integration,001738588377270244,9516651,2024-10-20,Closed Won,100,Closed,Email Campaign,New Customer,Opportunity to provide advanced analytics to LondonCorp Dynamics to address their competitive advantage requirements. Successfully completed implementation and achieved measurable ROI.,Introduce customer success team,2024-06-06T07:21:05.736003,2024-06-30T07:21:05.736003,EUR,true,true
006102785638287856,LondonCorp Dynamics - Process Automation,001738588377270244,12883973,2026-04-27,Qualification,20,Pipeline,Cold Call,New Customer,Opportunity to provide advanced analytics to LondonCorp Dynamics to address their competitive advantage requirements.,Conduct needs assessment workshop,2025-03-28T07:21:05.736074,2025-04-19T07:21:05.736074,EUR,false,false
006583737734694493,LondonCorp Dynamics - Cloud Migration,001738588377270244,2625025,2026-03-12,Proposal/Price Quote,60,Best Case,Purchased List,New Customer,Opportunity to provide automation platform to LondonCorp Dynamics to address their scalability needs requirements.,Negotiate contract terms and conditions,2025-03-08T07:21:05.736142,2025-04-04T07:21:05.736142,EUR,false,false
006987552781261533,LondonCorp Dynamics - Analytics Solution,001738588377270244,11833182,2026-06-12,Needs Analysis,30,Pipeline,Advertisement,New Customer,Opportunity to provide advanced analytics to LondonCorp Dynamics to address their operational efficiency requirements.,Present detailed solution proposal,2025-03-04T07:21:05.736204,2025-03-25T07:21:05.736204,EUR,false,false
006327789722894669,Monaco Wealth Tech - Platform Upgrade,001400419007481616,51414,2025-02-03,Closed Won,100,Closed,Cold Call,New Customer,Opportunity to provide cloud solutions to Monaco Wealth Tech to address their scalability needs requirements. Successfully completed implementation and achieved measurable ROI.,Initiate project kick-off and onboarding,2024-09-10T07:21:05.736343,2024-10-08T07:21:05.736343,DKK,true,true
006518656586138380,Monaco Wealth Tech - Security Enhancement,001400419007481616,81832,2025-07-07,Closed Lost,0,Omitted,Email Campaign,New Customer,Opportunity to provide cloud solutions to Monaco Wealth Tech to address their operational efficiency requirements. Lost to Oracle due to pricing/feature considerations.,Update competitive intelligence,2025-03-07T07:21:05.736407,2025-03-17T07:21:05.736407,DKK,true,false
006207166751362585,Monaco Wealth Tech - Digital Transformation,001400419007481616,71379,2026-07-22,Negotiation/Review,80,Commit,Web,New Customer,Opportunity to provide cloud solutions to Monaco Wealth Tech to address their competitive advantage requirements.,Finalize contract terms and pricing,2025-04-04T07:21:05.736466,2025-04-09T07:21:05.736466,DKK,false,false
006883170141184881,Monaco Wealth Tech - Platform Upgrade,001400419007481616,69294,2026-04-05,Proposal/Price Quote,60,Best Case,Advertisement,New Customer,Opportunity to provide advanced analytics to Monaco Wealth Tech to address their competitive advantage requirements.,Schedule final decision-maker presentation,2025-03-12T07:21:05.736521,2025-03-17T07:21:05.736521,DKK,false,false
006513838624673131,Edinburgh Innovations - Digital Transformation,001635121398951436,451677,2025-05-04,Closed Won,100,Closed,Other,New Customer,Opportunity to provide cloud solutions to Edinburgh Innovations to address their competitive advantage requirements. Successfully completed implementation and achieved measurable ROI.,Initiate project kick-off and onboarding,2025-03-09T07:21:05.736661,2025-03-30T07:21:05.736661,CHF,true,true
006831856458604976,Edinburgh Innovations - Platform Upgrade,001635121398951436,199792,2025-08-31,Closed Lost,0,Omitted,Partner Referral,New Customer,Opportunity to provide automation platform to Edinburgh Innovations to address their scalability needs requirements. Lost to Salesforce due to pricing/feature considerations.,Conduct post-mortem analysis,2025-03-19T07:21:05.736727,2025-04-09T07:21:05.736727,CHF,true,false
006257638616159484,Edinburgh Innovations - Cloud Migration,001635121398951436,481709,2026-04-04,Negotiation/Review,80,Commit,Phone Inquiry,New Customer,Opportunity to provide AI-powered insights to Edinburgh Innovations to address their competitive advantage requirements.,Complete security and compliance review,2025-02-15T07:21:05.736788,2025-03-01T07:21:05.736788,CHF,false,false
006194857121356444,Edinburgh Innovations - Security Enhancement,001635121398951436,879504,2025-12-25,Needs Analysis,30,Pipeline,Purchased List,New Customer,Opportunity to provide AI-powered insights to Edinburgh Innovations to address their regulatory compliance requirements.,Arrange reference customer calls,2025-06-17T07:21:05.736847,2025-07-11T07:21:05.736847,CHF,false,false
006783340110443760,Royal Data Systems - Cloud Migration,001646528871719079,774016,2025-07-26,Closed Won,100,Closed,Trade Show,New Customer,Opportunity to provide cloud solutions to Royal Data Systems to address their competitive advantage requirements. Successfully completed implementation and achieved measurable ROI.,Schedule implementation planning session,2025-04-10T07:21:05.736981,2025-05-01T07:21:05.736981,EUR,true,true
006371433827402946,Royal Data Systems - Data Integration,001646528871719079,991529,2026-05-01,Prospecting,10,Pipeline,External Referral,New Customer,Opportunity to provide AI-powered insights to Royal Data Systems to address their operational efficiency requirements.,Arrange product demonstration for key stakeholders,2025-05-22T07:21:05.737047,2025-06-20T07:21:05.737047,EUR,false,false
006573849003073681,Royal Data Systems - Data Integration,001646528871719079,428638,2025-01-14,Closed Lost,0,Omitted,Advertisement,New Customer,Opportunity to provide AI-powered insights to Royal Data Systems to address their data challenges requirements. Lost to Oracle due to pricing/feature considerations.,Conduct post-mortem analysis,2024-11-12T07:21:05.737109,2024-11-13T07:21:05.737109,EUR,true,false
006168083489056789,Royal Data Systems - Platform Upgrade,001646528871719079,64463,2025-12-09,Value Proposition,40,Pipeline,Employee Referral,New Customer,Opportunity to provide AI-powered insights to Royal Data Systems to address their scalability needs requirements.,Provide detailed implementation timeline,2025-05-16T07:21:05.737170,2025-06-08T07:21:05.737170,EUR,false,false
006821181197598008,Royal Data Systems - Data Integration,001646528871719079,854373,2026-03-25,Proposal/Price Quote,60,Best Case,Trade Show,New Customer,Opportunity to provide AI-powered insights to Royal Data Systems to address their regulatory compliance requirements.,Follow up on proposal questions and concerns,2025-04-07T07:21:05.737227,2025-04-16T07:21:05.737227,EUR,false,false
006760267000593102,Bavarian Analytics GmbH - Process Automation,001948440408302313,144035,2025-11-08,Qualification,20,Pipeline,Email Campaign,New Customer,Opportunity to provide advanced analytics to Bavarian Analytics GmbH to address their scalability needs requirements.,Conduct needs assessment workshop,2025-05-31T07:21:05.737369,2025-06-14T07:21:05.737369,EUR,false,false
006785483705203596,Lyon Technologies - AI Implementation,001554610413572758,32600,2024-11-11,Closed Won,100,Closed,Web,New Customer,Opportunity to provide cloud solutions to Lyon Technologies to address their operational efficiency requirements. Successfully completed implementation and achieved measurable ROI.,Initiate project kick-off and onboarding,2024-09-13T07:21:05.737503,2024-10-06T07:21:05.737503,EUR,true,true
006490356490837668,Lyon Technologies - AI Implementation,001554610413572758,193893,2025-11-12,Qualification,20,Pipeline,Trade Show,Existing Customer - Replacement,Opportunity to provide cloud solutions to Lyon Technologies to address their scalability needs requirements.,Validate budget and decision-making process,2025-07-20T07:21:05.737560,2025-08-13T07:21:05.737560,EUR,false,false
006583376265862845,Manchester Tech Hub - Process Automation,001695534384135654,4461326,2024-05-01,Closed Lost,0,Omitted,Other,Existing Customer - Upgrade,Opportunity to provide digital transformation to Manchester Tech Hub to address their regulatory compliance requirements. Lost to Salesforce due to pricing/feature considerations.,Conduct post-mortem analysis,2024-03-25T07:21:05.737688,2024-04-10T07:21:05.737688,EUR,true,false
006277113145592151,Manchester Tech Hub - Analytics Solution,001695534384135654,12583752,2026-05-03,Needs Analysis,30,Pipeline,Other,Existing Customer - Upgrade,Opportunity to provide AI-powered insights to Manchester Tech Hub to address their operational efficiency requirements.,Present detailed solution proposal,2025-07-08T07:21:05.737758,2025-08-01T07:21:05.737758,EUR,false,false
006631158802985479,Manchester Tech Hub - Cloud Migration,001695534384135654,586184,2025-08-27,Proposal/Price Quote,60,Best Case,Advertisement,Existing Customer - Replacement,Opportunity to provide cloud solutions to Manchester Tech Hub to address their data challenges requirements.,Follow up on proposal questions and concerns,2025-07-11T07:21:05.737818,2025-07-29T07:21:05.737818,EUR,false,false
006187693894912529,Viking Technologies - Security Enhancement,001878019938714288,75080,2025-01-11,Closed Won,100,Closed,Word of mouth,New Customer,Opportunity to provide digital transformation to Viking Technologies to address their operational efficiency requirements. Successfully completed implementation and achieved measurable ROI.,Introduce customer success team,2024-09-22T07:21:05.737944,2024-10-14T07:21:05.737944,EUR,true,true
006551405160549448,Viking Technologies - Platform Upgrade,001878019938714288,57014,2025-06-10,Closed Won,100,Closed,Phone Inquiry,New Customer,Opportunity to provide automation platform to Viking Technologies to address their scalability needs requirements. Successfully completed implementation and achieved measurable ROI.,Schedule implementation planning session,2024-12-30T07:21:05.738005,2025-01-10T07:21:05.738005,EUR,true,true
006734788828805587,Viking Technologies - Cloud Migration,001878019938714288,129733,2026-02-25,Prospecting,10,Pipeline,Other,New Customer,Opportunity to provide AI-powered insights to Viking Technologies to address their data challenges requirements.,Send company overview and case study materials,2025-07-20T07:21:05.738061,2025-08-01T07:21:05.738061,EUR,false,false
006107177537029302,Viking Technologies - Cloud Migration,001878019938714288,139331,2026-05-27,Proposal/Price Quote,60,Best Case,Employee Referral,New Customer,Opportunity to provide advanced analytics to Viking Technologies to address their data challenges requirements.,Schedule final decision-maker presentation,2025-06-02T07:21:05.738116,2025-06-14T07:21:05.738116,EUR,false,false
006331026737309482,BritishTech Ventures - Security Enhancement,001493678679338708,51533,2024-08-04,Closed Lost,0,Omitted,Trade Show,New Customer,Opportunity to provide cloud solutions to BritishTech Ventures to address their competitive advantage requirements. Lost to Oracle due to pricing/feature considerations.,Conduct post-mortem analysis,2024-03-31T07:21:05.738254,2024-04-05T07:21:05.738254,EUR,true,false
006616179359408725,DataVault Systems - Data Integration,001178784437518755,292716,2024-07-28,Closed Won,100,Closed,Cold Call,New Customer,Opportunity to provide advanced analytics to DataVault Systems to address their regulatory compliance requirements. Successfully completed implementation and achieved measurable ROI.,Initiate project kick-off and onboarding,2024-02-16T07:21:05.738386,2024-03-04T07:21:05.738386,EUR,true,true
006845844414024102,DataVault Systems - Platform Upgrade,001178784437518755,909793,2025-09-28,Prospecting,10,Pipeline,Partner Referral,New Customer,Opportunity to provide cloud solutions to DataVault Systems to address their scalability needs requirements.,Send company overview and case study materials,2025-04-13T07:21:05.738449,2025-05-11T07:21:05.738449,EUR,false,false
006406194458079298,DataVault Systems - Process Automation,001178784437518755,889717,2026-02-04,Needs Analysis,30,Pipeline,Purchased List,New Customer,Opportunity to provide advanced analytics to DataVault Systems to address their data challenges requirements.,Present detailed solution proposal,2025-04-13T07:21:05.738507,2025-05-08T07:21:05.738507,EUR,false,false
006557690243693657,Rhein Analytics - AI Implementation,001847433897535913,37697,2025-06-23,Closed Won,100,Closed,Phone Inquiry,New Customer,Opportunity to provide AI-powered insights to Rhein Analytics to address their scalability needs requirements. Successfully completed implementation and achieved measurable ROI.,Initiate project kick-off and onboarding,2025-01-29T07:21:05.738632,2025-02-13T07:21:05.738632,EUR,true,true
006872431861951402,Rhein Analytics - Analytics Solution,001847433897535913,79470,2025-10-06,Qualification,20,Pipeline,Other,New Customer,Opportunity to provide AI-powered insights to Rhein Analytics to address their operational efficiency requirements.,Validate budget and decision-making process,2025-06-22T07:21:05.738692,2025-07-19T07:21:05.738692,EUR,false,false
006678104299898602,Rhein Analytics - Process Automation,001847433897535913,48882,2025-06-09,Closed Won,100,Closed,Web,New Customer,Opportunity to provide digital transformation to Rhein Analytics to address their scalability needs requirements. Successfully completed implementation and achieved measurable ROI.,Initiate project kick-off and onboarding,2025-03-08T07:21:05.738752,2025-03-09T07:21:05.738752,EUR,true,true
006620211140700784,Rhein Analytics - Cloud Migration,001847433897535913,128541,2024-12-30,Closed Lost,0,Omitted,Phone Inquiry,New Customer,Opportunity to provide cloud solutions to Rhein Analytics to address their operational efficiency requirements. Lost to Microsoft due to pricing/feature considerations.,Conduct post-mortem analysis,2024-07-13T07:21:05.738807,2024-08-09T07:21:05.738807,EUR,true,false
006809651803956230,Rhein Analytics - Process Automation,001847433897535913,44266,2026-03-14,Qualification,20,Pipeline,Email Campaign,New Customer,Opportunity to provide advanced analytics to Rhein Analytics to address their regulatory compliance requirements.,Conduct needs assessment workshop,2025-06-02T07:21:05.738861,2025-06-11T07:21:05.738861,EUR,false,false
006245005866791574,Netherlands FinTech - AI Implementation,001698004048748481,117603,2026-07-17,Prospecting,10,Pipeline,Phone Inquiry,New Customer,Opportunity to provide digital transformation to Netherlands FinTech to address their operational efficiency requirements.,Schedule discovery call to understand business requirements,2025-06-02T07:21:05.739000,2025-06-17T07:21:05.739000,GBP,false,false
006530914195433166,Frankfurt FinTech - AI Implementation,001332873394218332,19756358,2026-03-11,Qualification,20,Pipeline,Email Campaign,New Customer,Opportunity to provide automation platform to Frankfurt FinTech to address their data challenges requirements.,Identify key stakeholders and influencers,2025-04-03T07:21:05.739170,2025-04-10T07:21:05.739170,EUR,false,false
006432261450058115,Oslo Maritime - Cloud Migration,001392908395623467,15465660,2025-03-16,Closed Won,100,Closed,External Referral,New Customer,Opportunity to provide automation platform to Oslo Maritime to address their regulatory compliance requirements. Successfully completed implementation and achieved measurable ROI.,Schedule implementation planning session,2025-02-06T07:21:05.739307,2025-02-08T07:21:05.739307,EUR,true,true
006823561112119971,Oslo Maritime - Data Integration,001392908395623467,9887724,2025-10-30,Prospecting,10,Pipeline,Trade Show,New Customer,Opportunity to provide cloud solutions to Oslo Maritime to address their regulatory compliance requirements.,Schedule discovery call to understand business requirements,2025-04-15T07:21:05.739369,2025-04-28T07:21:05.739369,EUR,false,false
006404484784600217,Toulouse Aerospace - Process Automation,001450198596890828,137055,2025-04-21,Closed Won,100,Closed,Partner Referral,Existing Customer - Upgrade,Opportunity to provide digital transformation to Toulouse Aerospace to address their regulatory compliance requirements. Successfully completed implementation and achieved measurable ROI.,Initiate project kick-off and onboarding,2024-10-29T07:21:05.739498,2024-10-30T07:21:05.739498,EUR,true,true
006757515541939384,Toulouse Aerospace - Process Automation,001450198596890828,83644,2025-08-22,Closed Won,100,Closed,Purchased List,Existing Customer - Upgrade,Opportunity to provide advanced analytics to Toulouse Aerospace to address their data challenges requirements. Successfully completed implementation and achieved measurable ROI.,Introduce customer success team,2025-03-25T07:21:05.739560,2025-04-02T07:21:05.739560,EUR,true,true
006295583555954082,Toulouse Aerospace - Data Integration,001450198596890828,149903,2025-12-11,Needs Analysis,30,Pipeline,Partner Referral,Existing Customer - Upgrade,Opportunity to provide AI-powered insights to Toulouse Aerospace to address their scalability needs requirements.,Arrange reference customer calls,2025-07-08T07:21:05.739611,2025-07-31T07:21:05.739611,EUR,false,false
006710377096401437,Tilburg Manufacturing - Analytics Solution,001972168435331866,436613,2024-08-26,Closed Lost,0,Omitted,Other,New Customer,Opportunity to provide cloud solutions to Tilburg Manufacturing to address their competitive advantage requirements. Lost to Microsoft due to pricing/feature considerations.,Conduct post-mortem analysis,2024-04-28T07:21:05.739739,2024-04-30T07:21:05.739739,PLN,true,false
006473498948930341,Tilburg Manufacturing - AI Implementation,001972168435331866,2035502,2026-05-17,Qualification,20,Pipeline,Word of mouth,New Customer,Opportunity to provide cloud solutions to Tilburg Manufacturing to address their data challenges requirements.,Identify key stakeholders and influencers,2025-07-17T07:21:05.739808,2025-08-09T07:21:05.739808,PLN,false,false
006893416123024605,Tilburg Manufacturing - Analytics Solution,001972168435331866,2914459,2025-09-01,Qualification,20,Pipeline,Partner Referral,New Customer,Opportunity to provide advanced analytics to Tilburg Manufacturing to address their regulatory compliance requirements.,Identify key stakeholders and influencers,2025-07-07T07:21:05.739869,2025-07-10T07:21:05.739869,PLN,false,false
006463218090359592,Dublin Cloud - Process Automation,001349495913956837,3518496,2024-08-21,Closed Lost,0,Omitted,Partner Referral,New Customer,Opportunity to provide cloud solutions to Dublin Cloud to address their competitive advantage requirements. Lost to Salesforce due to pricing/feature considerations.,Maintain relationship for future opportunities,2024-06-27T07:21:05.739998,2024-07-18T07:21:05.739998,EUR,true,false
006849322428093161,Dublin Cloud - Process Automation,001349495913956837,4914207,2026-07-01,Qualification,20,Pipeline,Word of mouth,New Customer,Opportunity to provide cloud solutions to Dublin Cloud to address their competitive advantage requirements.,Identify key stakeholders and influencers,2025-01-26T07:21:05.740065,2025-02-19T07:21:05.740065,EUR,false,false
006890394021594864,Dublin Cloud - Platform Upgrade,001349495913956837,2670589,2025-11-19,Negotiation/Review,80,Commit,Word of mouth,New Customer,Opportunity to provide automation platform to Dublin Cloud to address their regulatory compliance requirements.,Finalize contract terms and pricing,2025-06-20T07:21:05.740126,2025-06-26T07:21:05.740126,EUR,false,false
006658654714201463,Amsterdam Analytics BV - Digital Transformation,001723023895177926,898095,2024-09-08,Closed Lost,0,Omitted,Partner Referral,New Customer,Opportunity to provide digital transformation to Amsterdam Analytics BV to address their operational efficiency requirements. Lost to Amazon due to pricing/feature considerations.,Maintain relationship for future opportunities,2024-06-14T07:21:05.740255,2024-06-25T07:21:05.740255,EUR,true,false
006112830985574115,Amsterdam Analytics BV - Process Automation,001723023895177926,978325,2026-07-14,Qualification,20,Pipeline,Other,New Customer,Opportunity to provide cloud solutions to Amsterdam Analytics BV to address their data challenges requirements.,Conduct needs assessment workshop,2025-06-30T07:21:05.740319,2025-07-03T07:21:05.740319,EUR,false,false
006593390320682500,Amsterdam Analytics BV - Platform Upgrade,001723023895177926,875250,2025-08-21,Needs Analysis,30,Pipeline,Cold Call,New Customer,Opportunity to provide automation platform to Amsterdam Analytics BV to address their data challenges requirements.,Conduct technical deep-dive session,2025-06-25T07:21:05.740381,2025-07-11T07:21:05.740381,EUR,false,false
006639859473969582,Amsterdam Analytics BV - Digital Transformation,001723023895177926,418292,2024-11-21,Closed Won,100,Closed,Word of mouth,New Customer,Opportunity to provide cloud solutions to Amsterdam Analytics BV to address their data challenges requirements. Successfully completed implementation and achieved measurable ROI.,Schedule implementation planning session,2024-07-18T07:21:05.740441,2024-07-21T07:21:05.740441,EUR,true,true
006217913824534816,Amsterdam Analytics BV - Security Enhancement,001723023895177926,359234,2026-01-31,Prospecting,10,Pipeline,Phone Inquiry,New Customer,Opportunity to provide digital transformation to Amsterdam Analytics BV to address their data challenges requirements.,Send company overview and case study materials,2025-07-17T07:21:05.740496,2025-07-23T07:21:05.740496,EUR,false,false
006134895340137139,Strasbourg Software - AI Implementation,001958765600834926,34406,2026-06-21,Value Proposition,40,Pipeline,Employee Referral,New Customer,Opportunity to provide cloud solutions to Strasbourg Software to address their regulatory compliance requirements.,Schedule executive stakeholder meeting,2025-04-27T07:21:05.740631,2025-05-03T07:21:05.740631,DKK,false,false
006416967128723858,Bordeaux Analytics - Security Enhancement,001594442169655869,1924282,2026-03-18,Prospecting,10,Pipeline,Other,Existing Customer - Upgrade,Opportunity to provide advanced analytics to Bordeaux Analytics to address their operational efficiency requirements.,Send company overview and case study materials,2025-06-04T07:21:05.740769,2025-06-23T07:21:05.740769,EUR,false,false
006198661530310037,Zurich Precision SA - Platform Upgrade,001217770881457844,5653623,2025-07-27,Closed Lost,0,Omitted,Other,New Customer,Opportunity to provide AI-powered insights to Zurich Precision SA to address their competitive advantage requirements. Lost to Amazon due to pricing/feature considerations.,Conduct post-mortem analysis,2025-03-27T07:21:05.740902,2025-03-28T07:21:05.740902,SEK,true,false
006983690845519744,Zurich Precision SA - Digital Transformation,001217770881457844,10291567,2026-04-20,Qualification,20,Pipeline,Employee Referral,New Customer,Opportunity to provide automation platform to Zurich Precision SA to address their competitive advantage requirements.,Conduct needs assessment workshop,2025-07-02T07:21:05.740969,2025-07-11T07:21:05.740969,SEK,false,false
006529470467991081,Zurich Precision SA - Process Automation,001217770881457844,18757839,2025-11-23,Prospecting,10,Pipeline,Advertisement,New Customer,Opportunity to provide cloud solutions to Zurich Precision SA to address their competitive advantage requirements.,Schedule discovery call to understand business requirements,2025-04-14T07:21:05.741033,2025-04-23T07:21:05.741033,SEK,false,false
006946938135101430,Zurich Precision SA - Platform Upgrade,001217770881457844,9338264,2026-01-05,Needs Analysis,30,Pipeline,Cold Call,New Customer,Opportunity to provide advanced analytics to Zurich Precision SA to address their operational efficiency requirements.,Arrange reference customer calls,2025-05-26T07:21:05.741098,2025-06-07T07:21:05.741098,SEK,false,false
006535844007492537,Zurich Precision SA - Platform Upgrade,001217770881457844,14391086,2025-12-15,Proposal/Price Quote,60,Best Case,Trade Show,New Customer,Opportunity to provide automation platform to Zurich Precision SA to address their regulatory compliance requirements.,Schedule final decision-maker presentation,2025-02-22T07:21:05.741159,2025-03-22T07:21:05.741159,SEK,false,false
006904236293819585,Deutsche Innovation AG - Digital Transformation,001278317205722058,71772,2024-12-07,Closed Lost,0,Omitted,Web,New Customer,Opportunity to provide AI-powered insights to Deutsche Innovation AG to address their regulatory compliance requirements. Lost to IBM due to pricing/feature considerations.,Update competitive intelligence,2024-08-23T07:21:05.741290,2024-09-14T07:21:05.741290,CHF,true,false
006242069755969322,Deutsche Innovation AG - Analytics Solution,001278317205722058,48652,2025-07-15,Closed Lost,0,Omitted,Web,New Customer,Opportunity to provide automation platform to Deutsche Innovation AG to address their operational efficiency requirements. Lost to Salesforce due to pricing/feature considerations.,Maintain relationship for future opportunities,2025-02-21T07:21:05.741351,2025-02-28T07:21:05.741351,CHF,true,false
006918646153329559,Deutsche Innovation AG - Process Automation,001278317205722058,174423,2025-05-14,Closed Lost,0,Omitted,Phone Inquiry,New Customer,Opportunity to provide advanced analytics to Deutsche Innovation AG to address their competitive advantage requirements. Lost to IBM due to pricing/feature considerations.,Maintain relationship for future opportunities,2025-02-07T07:21:05.741409,2025-02-25T07:21:05.741409,CHF,true,false
006888593733493240,Deutsche Innovation AG - Platform Upgrade,001278317205722058,82404,2026-04-12,Needs Analysis,30,Pipeline,Word of mouth,New Customer,Opportunity to provide AI-powered insights to Deutsche Innovation AG to address their regulatory compliance requirements.,Conduct technical deep-dive session,2025-03-11T07:21:05.741463,2025-03-15T07:21:05.741463,CHF,false,false
006218935911929766,Nantes Maritime Tech - Digital Transformation,001474294997240570,19511737,2024-12-22,Closed Won,100,Closed,Word of mouth,New Customer,Opportunity to provide advanced analytics to Nantes Maritime Tech to address their scalability needs requirements. Successfully completed implementation and achieved measurable ROI.,Introduce customer success team,2024-06-26T07:21:05.741593,2024-07-25T07:21:05.741593,GBP,true,true
006785629561118048,Nantes Maritime Tech - AI Implementation,001474294997240570,14287181,2026-03-05,Qualification,20,Pipeline,External Referral,New Customer,Opportunity to provide advanced analytics to Nantes Maritime Tech to address their data challenges requirements.,Identify key stakeholders and influencers,2025-05-16T07:21:05.741661,2025-05-29T07:21:05.741661,GBP,false,false
006367489233961592,Nantes Maritime Tech - Process Automation,001474294997240570,13979483,2026-03-11,Prospecting,10,Pipeline,Web,New Customer,Opportunity to provide automation platform to Nantes Maritime Tech to address their scalability needs requirements.,Send company overview and case study materials,2025-07-13T07:21:05.741724,2025-07-14T07:21:05.741724,GBP,false,false
006883835217610309,Nantes Maritime Tech - AI Implementation,001474294997240570,10668836,2026-01-11,Needs Analysis,30,Pipeline,Email Campaign,New Customer,Opportunity to provide advanced analytics to Nantes Maritime Tech to address their data challenges requirements.,Present detailed solution proposal,2025-05-04T07:21:05.741785,2025-05-14T07:21:05.741785,GBP,false,false
006597327955283379,Prague Software - Digital Transformation,001547525682484924,2891638,2025-04-22,Closed Lost,0,Omitted,Purchased List,New Customer,Opportunity to provide automation platform to Prague Software to address their regulatory compliance requirements. Lost to Google due to pricing/feature considerations.,Conduct post-mortem analysis,2024-12-07T07:21:05.741914,2024-12-24T07:21:05.741914,HUF,true,false
006978780956144204,Prague Software - Data Integration,001547525682484924,750435,2026-05-07,Negotiation/Review,80,Commit,Trade Show,Existing Customer - Upgrade,Opportunity to provide cloud solutions to Prague Software to address their data challenges requirements.,Finalize contract terms and pricing,2025-05-04T07:21:05.741982,2025-05-31T07:21:05.741982,HUF,false,false
006324178844394472,Prague Software - Process Automation,001547525682484924,477420,2025-09-15,Prospecting,10,Pipeline,Other,Existing Customer - Replacement,Opportunity to provide automation platform to Prague Software to address their regulatory compliance requirements.,Send company overview and case study materials,2025-03-28T07:21:05.742044,2025-04-18T07:21:05.742044,HUF,false,false
006602268911893921,Prague Software - AI Implementation,001547525682484924,456382,2026-02-27,Prospecting,10,Pipeline,Partner Referral,Existing Customer - Replacement,Opportunity to provide AI-powered insights to Prague Software to address their regulatory compliance requirements.,Send company overview and case study materials,2025-05-22T07:21:05.742102,2025-06-03T07:21:05.742102,HUF,false,false
006535230628839106,Holland Data Systems - Security Enhancement,001797731965152347,321224,2024-05-28,Closed Lost,0,Omitted,Web,New Customer,Opportunity to provide cloud solutions to Holland Data Systems to address their regulatory compliance requirements. Lost to Amazon due to pricing/feature considerations.,Conduct post-mortem analysis,2024-04-05T07:21:05.742229,2024-04-26T07:21:05.742229,EUR,true,false
006122576552633910,Holland Data Systems - Data Integration,001797731965152347,760614,2026-01-05,Qualification,20,Pipeline,Email Campaign,New Customer,Opportunity to provide advanced analytics to Holland Data Systems to address their competitive advantage requirements.,Validate budget and decision-making process,2025-05-31T07:21:05.742290,2025-06-21T07:21:05.742290,EUR,false,false
006823662086416255,FinanceFlow Ltd - Security Enhancement,001422229504491043,12218,2025-04-03,Closed Lost,0,Omitted,Other,New Customer,Opportunity to provide automation platform to FinanceFlow Ltd to address their competitive advantage requirements. Lost to Google due to pricing/feature considerations.,Maintain relationship for future opportunities,2024-12-30T07:21:05.742412,2025-01-08T07:21:05.742412,EUR,true,false
006215193533231958,FinanceFlow Ltd - Data Integration,001422229504491043,132342,2026-05-14,Qualification,20,Pipeline,Web,New Customer,Opportunity to provide AI-powered insights to FinanceFlow Ltd to address their scalability needs requirements.,Conduct needs assessment workshop,2025-05-06T07:21:05.742469,2025-05-27T07:21:05.742469,EUR,false,false
006478618821189634,The Hague Solutions - AI Implementation,001859314673714218,362974,2024-07-04,Closed Lost,0,Omitted,Other,New Customer,Opportunity to provide digital transformation to The Hague Solutions to address their scalability needs requirements. Lost to Google due to pricing/feature considerations.,Update competitive intelligence,2024-05-08T07:21:05.742592,2024-05-31T07:21:05.742592,HUF,true,false
006961847539243579,The Hague Solutions - Analytics Solution,001859314673714218,733112,2025-02-08,Closed Lost,0,Omitted,Purchased List,New Customer,Opportunity to provide advanced analytics to The Hague Solutions to address their regulatory compliance requirements. Lost to Oracle due to pricing/feature considerations.,Update competitive intelligence,2024-11-22T07:21:05.742657,2024-12-03T07:21:05.742657,HUF,true,false
006432821299864222,The Hague Solutions - AI Implementation,001859314673714218,806320,2026-07-22,Proposal/Price Quote,60,Best Case,Other,New Customer,Opportunity to provide automation platform to The Hague Solutions to address their competitive advantage requirements.,Negotiate contract terms and conditions,2025-07-16T07:21:05.742716,2025-08-09T07:21:05.742716,HUF,false,false
006903183479696425,The Hague Solutions - Process Automation,001859314673714218,792464,2025-11-26,Prospecting,10,Pipeline,Purchased List,New Customer,Opportunity to provide AI-powered insights to The Hague Solutions to address their competitive advantage requirements.,Arrange product demonstration for key stakeholders,2025-02-26T07:21:05.742777,2025-03-10T07:21:05.742777,HUF,false,false
006209892295028378,The Hague Solutions - Analytics Solution,001859314673714218,364777,2026-06-02,Proposal/Price Quote,60,Best Case,External Referral,New Customer,Opportunity to provide cloud solutions to The Hague Solutions to address their scalability needs requirements.,Schedule final decision-maker presentation,2025-06-09T07:21:05.742834,2025-07-05T07:21:05.742834,HUF,false,false
006500012733684519,Cologne Data Systems - Digital Transformation,001884174025698903,6642754,2024-09-02,Closed Lost,0,Omitted,Purchased List,New Customer,Opportunity to provide digital transformation to Cologne Data Systems to address their competitive advantage requirements. Lost to Google due to pricing/feature considerations.,Maintain relationship for future opportunities,2024-05-10T07:21:05.742964,2024-05-19T07:21:05.742964,NOK,true,false
006814269667357884,Cologne Data Systems - Platform Upgrade,001884174025698903,16061224,2026-04-18,Value Proposition,40,Pipeline,Word of mouth,New Customer,Opportunity to provide AI-powered insights to Cologne Data Systems to address their regulatory compliance requirements.,Develop ROI business case presentation,2025-06-22T07:21:05.743031,2025-07-08T07:21:05.743031,NOK,false,false
006160870050801070,Cologne Data Systems - Security Enhancement,001884174025698903,17293234,2025-06-28,Closed Won,100,Closed,Partner Referral,New Customer,Opportunity to provide cloud solutions to Cologne Data Systems to address their data challenges requirements. Successfully completed implementation and achieved measurable ROI.,Schedule implementation planning session,2025-02-21T07:21:05.743112,2025-03-07T07:21:05.743112,NOK,true,true
006190987932725375,Cologne Data Systems - Analytics Solution,001884174025698903,15853549,2025-05-30,Closed Lost,0,Omitted,External Referral,New Customer,Opportunity to provide digital transformation to Cologne Data Systems to address their data challenges requirements. Lost to Google due to pricing/feature considerations.,Update competitive intelligence,2025-02-09T07:21:05.743176,2025-02-11T07:21:05.743176,NOK,true,false
006960731101086665,Cologne Data Systems - Analytics Solution,001884174025698903,15668389,2025-12-06,Prospecting,10,Pipeline,Partner Referral,New Customer,Opportunity to provide automation platform to Cologne Data Systems to address their operational efficiency requirements.,Schedule discovery call to understand business requirements,2025-05-13T07:21:05.743235,2025-06-02T07:21:05.743235,NOK,false,false
006142472951643963,Sterling Analytics - Data Integration,001961492399239428,472988,2025-02-15,Closed Lost,0,Omitted,Trade Show,New Customer,Opportunity to provide cloud solutions to Sterling Analytics to address their scalability needs requirements. Lost to Microsoft due to pricing/feature considerations.,Maintain relationship for future opportunities,2024-09-16T07:21:05.743379,2024-10-11T07:21:05.743379,GBP,true,false
006880838911118497,Sterling Analytics - Cloud Migration,001961492399239428,249834,2025-05-15,Closed Won,100,Closed,Advertisement,New Customer,Opportunity to provide digital transformation to Sterling Analytics to address their data challenges requirements. Successfully completed implementation and achieved measurable ROI.,Initiate project kick-off and onboarding,2025-04-14T07:21:05.743445,2025-04-27T07:21:05.743445,GBP,true,true
006613327150379199,Sterling Analytics - Platform Upgrade,001961492399239428,370984,2025-09-23,Value Proposition,40,Pipeline,Cold Call,New Customer,Opportunity to provide AI-powered insights to Sterling Analytics to address their regulatory compliance requirements.,Provide detailed implementation timeline,2025-06-10T07:21:05.743504,2025-06-21T07:21:05.743504,GBP,false,false
006504480650402213,Sterling Analytics - Process Automation,001961492399239428,981108,2025-10-28,Value Proposition,40,Pipeline,Purchased List,New Customer,Opportunity to provide cloud solutions to Sterling Analytics to address their competitive advantage requirements.,Develop ROI business case presentation,2025-01-28T07:21:05.743563,2025-02-05T07:21:05.743563,GBP,false,false
006512742591154994,Fjord Analytics - Analytics Solution,001349440979620502,44394,2025-02-09,Closed Lost,0,Omitted,Cold Call,New Customer,Opportunity to provide advanced analytics to Fjord Analytics to address their competitive advantage requirements. Lost to Salesforce due to pricing/feature considerations.,Maintain relationship for future opportunities,2025-01-05T07:21:05.743914,2025-01-30T07:21:05.743914,GBP,true,false
006221726511275085,Fjord Analytics - Platform Upgrade,001349440979620502,173351,2026-06-21,Proposal/Price Quote,60,Best Case,Email Campaign,New Customer,Opportunity to provide advanced analytics to Fjord Analytics to address their operational efficiency requirements.,Schedule final decision-maker presentation,2025-07-10T07:21:05.743989,2025-07-14T07:21:05.743989,GBP,false,false
006272407296729786,Stuttgart Engineering - AI Implementation,001481601031630769,4647162,2024-10-19,Closed Won,100,Closed,Purchased List,New Customer,Opportunity to provide advanced analytics to Stuttgart Engineering to address their scalability needs requirements. Successfully completed implementation and achieved measurable ROI.,Schedule implementation planning session,2024-07-17T07:21:05.744163,2024-08-08T07:21:05.744163,SEK,true,true
006218124050126392,Stuttgart Engineering - Analytics Solution,001481601031630769,17958680,2026-07-05,Prospecting,10,Pipeline,Trade Show,New Customer,Opportunity to provide AI-powered insights to Stuttgart Engineering to address their operational efficiency requirements.,Send company overview and case study materials,2025-05-14T07:21:05.744239,2025-05-18T07:21:05.744239,SEK,false,false
006396106976628929,Stuttgart Engineering - Cloud Migration,001481601031630769,17201351,2026-06-28,Negotiation/Review,80,Commit,Trade Show,New Customer,Opportunity to provide cloud solutions to Stuttgart Engineering to address their scalability needs requirements.,Prepare for contract signature,2025-06-02T07:21:05.744305,2025-06-16T07:21:05.744305,SEK,false,false
006333843404382667,Stuttgart Engineering - AI Implementation,001481601031630769,5881245,2026-05-28,Needs Analysis,30,Pipeline,Cold Call,New Customer,Opportunity to provide automation platform to Stuttgart Engineering to address their scalability needs requirements.,Present detailed solution proposal,2025-07-12T07:21:05.744367,2025-07-13T07:21:05.744367,SEK,false,false
006201425435567358,Brussels EU Tech - Analytics Solution,001726300056921184,4205446,2026-04-30,Proposal/Price Quote,60,Best Case,Trade Show,New Customer,Opportunity to provide advanced analytics to Brussels EU Tech to address their operational efficiency requirements.,Negotiate contract terms and conditions,2025-02-26T07:21:05.744514,2025-03-19T07:21:05.744514,EUR,false,false
006505566419803230,Scandinavian Data - Platform Upgrade,001974637123305927,2683214,2025-05-06,Closed Won,100,Closed,Email Campaign,New Customer,Opportunity to provide digital transformation to Scandinavian Data to address their competitive advantage requirements. Successfully completed implementation and achieved measurable ROI.,Introduce customer success team,2024-12-09T07:21:05.744648,2024-12-13T07:21:05.744648,EUR,true,true
006502538631470526,Scandinavian Data - Analytics Solution,001974637123305927,584945,2025-10-30,Prospecting,10,Pipeline,External Referral,New Customer,Opportunity to provide AI-powered insights to Scandinavian Data to address their scalability needs requirements.,Arrange product demonstration for key stakeholders,2025-07-20T07:21:05.744711,2025-07-23T07:21:05.744711,EUR,false,false
006614017229140360,TechStart London - Data Integration,001235091015635874,1734019,2025-07-06,Closed Lost,0,Omitted,Other,New Customer,Opportunity to provide automation platform to TechStart London to address their competitive advantage requirements. Lost to Salesforce due to pricing/feature considerations.,Conduct post-mortem analysis,2025-02-24T07:21:05.744843,2025-02-28T07:21:05.744843,GBP,true,false
006765126844114976,TechStart London - Data Integration,001235091015635874,691961,2025-10-13,Prospecting,10,Pipeline,External Referral,Existing Customer - Replacement,Opportunity to provide cloud solutions to TechStart London to address their regulatory compliance requirements.,Send company overview and case study materials,2025-06-12T07:21:05.744914,2025-07-07T07:21:05.744914,GBP,false,false
006649579378340811,TechStart London - AI Implementation,001235091015635874,441728,2025-10-26,Needs Analysis,30,Pipeline,Phone Inquiry,Existing Customer - Replacement,Opportunity to provide automation platform to TechStart London to address their operational efficiency requirements.,Present detailed solution proposal,2025-01-28T07:21:05.744974,2025-02-06T07:21:05.744974,GBP,false,false
006684452012695280,Milan Fashion Tech - Cloud Migration,001763011677732648,187714,2025-01-22,Closed Won,100,Closed,Trade Show,New Customer,Opportunity to provide AI-powered insights to Milan Fashion Tech to address their operational efficiency requirements. Successfully completed implementation and achieved measurable ROI.,Schedule implementation planning session,2024-07-29T07:21:05.745099,2024-08-20T07:21:05.745099,CZK,true,true
006728640732769743,Milan Fashion Tech - Data Integration,001763011677732648,136334,2026-07-15,Negotiation/Review,80,Commit,Word of mouth,New Customer,Opportunity to provide advanced analytics to Milan Fashion Tech to address their operational efficiency requirements.,Prepare for contract signature,2025-04-25T07:21:05.745160,2025-05-25T07:21:05.745160,CZK,false,false
006946031569444440,Milan Fashion Tech - Analytics Solution,001763011677732648,142531,2026-05-01,Qualification,20,Pipeline,External Referral,New Customer,Opportunity to provide digital transformation to Milan Fashion Tech to address their data challenges requirements.,Identify key stakeholders and influencers,2025-03-24T07:21:05.745215,2025-04-02T07:21:05.745215,CZK,false,false
006364586379767464,Midnight Sun Tech - Data Integration,001176881803365339,4817891,2026-03-02,Value Proposition,40,Pipeline,Phone Inquiry,New Customer,Opportunity to provide automation platform to Midnight Sun Tech to address their competitive advantage requirements.,Provide detailed implementation timeline,2025-02-08T07:21:05.745355,2025-02-23T07:21:05.745355,EUR,false,false
006835632314333969,Marseille Digital - AI Implementation,001294285620729286,127196,2025-01-12,Closed Won,100,Closed,Web,Existing Customer - Upgrade,Opportunity to provide automation platform to Marseille Digital to address their competitive advantage requirements. Successfully completed implementation and achieved measurable ROI.,Initiate project kick-off and onboarding,2024-11-13T07:21:05.745491,2024-12-01T07:21:05.745491,EUR,true,true
006856011544844846,Benelux Ventures - Cloud Migration,001524104651228233,33827,2024-06-29,Closed Won,100,Closed,External Referral,New Customer,Opportunity to provide digital transformation to Benelux Ventures to address their scalability needs requirements. Successfully completed implementation and achieved measurable ROI.,Initiate project kick-off and onboarding,2024-03-14T07:21:05.745618,2024-04-10T07:21:05.745618,EUR,true,true
006839905684039465,Benelux Ventures - AI Implementation,001524104651228233,129133,2026-06-03,Qualification,20,Pipeline,Advertisement,New Customer,Opportunity to provide automation platform to Benelux Ventures to address their operational efficiency requirements.,Validate budget and decision-making process,2025-04-29T07:21:05.745678,2025-05-24T07:21:05.745678,EUR,false,false
006687704202261281,Benelux Ventures - Security Enhancement,001524104651228233,10575,2026-02-18,Proposal/Price Quote,60,Best Case,Advertisement,New Customer,Opportunity to provide advanced analytics to Benelux Ventures to address their operational efficiency requirements.,Follow up on proposal questions and concerns,2025-04-26T07:21:05.745737,2025-05-12T07:21:05.745737,EUR,false,false
006320587848943643,Benelux Ventures - Security Enhancement,001524104651228233,197919,2025-10-14,Prospecting,10,Pipeline,Purchased List,New Customer,Opportunity to provide advanced analytics to Benelux Ventures to address their competitive advantage requirements.,Schedule discovery call to understand business requirements,2025-04-09T07:21:05.745795,2025-04-24T07:21:05.745795,EUR,false,false
006762943973866411,Benelux Ventures - Data Integration,001524104651228233,197901,2025-10-15,Qualification,20,Pipeline,Phone Inquiry,New Customer,Opportunity to provide automation platform to Benelux Ventures to address their competitive advantage requirements.,Conduct needs assessment workshop,2025-04-27T07:21:05.745850,2025-05-16T07:21:05.745850,EUR,false,false
006643732487846029,French Data Solutions - Platform Upgrade,001861516446104041,140764,2025-10-03,Closed Won,100,Closed,Trade Show,New Customer,Opportunity to provide cloud solutions to French Data Solutions to address their regulatory compliance requirements. Successfully completed implementation and achieved measurable ROI.,Initiate project kick-off and onboarding,2025-04-21T07:21:05.745980,2025-05-15T07:21:05.745980,EUR,true,true
006958356483404454,French Data Solutions - Data Integration,001861516446104041,37146,2025-01-27,Closed Won,100,Closed,Purchased List,New Customer,Opportunity to provide digital transformation to French Data Solutions to address their competitive advantage requirements. Successfully completed implementation and achieved measurable ROI.,Schedule implementation planning session,2024-10-07T07:21:05.746041,2024-10-17T07:21:05.746041,EUR,true,true
006889813746973145,French Data Solutions - Security Enhancement,001861516446104041,44962,2026-03-20,Needs Analysis,30,Pipeline,Trade Show,New Customer,Opportunity to provide digital transformation to French Data Solutions to address their regulatory compliance requirements.,Arrange reference customer calls,2025-06-17T07:21:05.746098,2025-06-24T07:21:05.746098,EUR,false,false
006899838794468753,French Data Solutions - Analytics Solution,001861516446104041,173621,2026-02-13,Qualification,20,Pipeline,Email Campaign,New Customer,Opportunity to provide cloud solutions to French Data Solutions to address their regulatory compliance requirements.,Conduct needs assessment workshop,2025-05-09T07:21:05.746155,2025-06-01T07:21:05.746155,EUR,false,false
006742482365975226,French Data Solutions - AI Implementation,001861516446104041,94510,2026-02-17,Negotiation/Review,80,Commit,Email Campaign,New Customer,Opportunity to provide automation platform to French Data Solutions to address their regulatory compliance requirements.,Complete security and compliance review,2025-06-23T07:21:05.746211,2025-07-22T07:21:05.746211,EUR,false,false
006159743619260860,Maastricht Biotech - Data Integration,001677986227217882,4584976,2025-04-05,Closed Lost,0,Omitted,Email Campaign,New Customer,Opportunity to provide advanced analytics to Maastricht Biotech to address their data challenges requirements. Lost to Google due to pricing/feature considerations.,Conduct post-mortem analysis,2025-02-28T07:21:05.746338,2025-03-10T07:21:05.746338,HUF,true,false
006709308772108405,Maastricht Biotech - Cloud Migration,001677986227217882,1428330,2026-01-19,Proposal/Price Quote,60,Best Case,Web,New Customer,Opportunity to provide digital transformation to Maastricht Biotech to address their competitive advantage requirements.,Follow up on proposal questions and concerns,2025-07-07T07:21:05.746405,2025-07-27T07:21:05.746405,HUF,false,false
006675247465254553,Maastricht Biotech - Data Integration,001677986227217882,4913432,2024-05-03,Closed Won,100,Closed,Cold Call,New Customer,Opportunity to provide digital transformation to Maastricht Biotech to address their operational efficiency requirements. Successfully completed implementation and achieved measurable ROI.,Schedule implementation planning session,2024-02-06T07:21:05.746470,2024-02-19T07:21:05.746470,HUF,true,true
006382985704269736,Maastricht Biotech - Platform Upgrade,001677986227217882,2822731,2025-09-17,Value Proposition,40,Pipeline,Purchased List,New Customer,Opportunity to provide AI-powered insights to Maastricht Biotech to address their competitive advantage requirements.,Develop ROI business case presentation,2025-03-03T07:21:05.746530,2025-04-02T07:21:05.746530,HUF,false,false
006605321345727278,CloudBridge Solutions - Cloud Migration,001367556225091177,18841360,2024-06-29,Closed Lost,0,Omitted,Partner Referral,New Customer,Opportunity to provide advanced analytics to CloudBridge Solutions to address their data challenges requirements. Lost to Amazon due to pricing/feature considerations.,Update competitive intelligence,2024-04-10T07:21:05.746657,2024-04-27T07:21:05.746657,GBP,true,false
006281188048980557,CloudBridge Solutions - Security Enhancement,001367556225091177,1863458,2026-01-10,Prospecting,10,Pipeline,Word of mouth,New Customer,Opportunity to provide digital transformation to CloudBridge Solutions to address their operational efficiency requirements.,Send company overview and case study materials,2025-04-04T07:21:05.746727,2025-04-19T07:21:05.746727,GBP,false,false
006157258772604501,CloudBridge Solutions - Process Automation,001367556225091177,5694417,2025-11-07,Negotiation/Review,80,Commit,Email Campaign,New Customer,Opportunity to provide AI-powered insights to CloudBridge Solutions to address their scalability needs requirements.,Complete security and compliance review,2025-07-12T07:21:05.746788,2025-08-07T07:21:05.746788,GBP,false,false
006307021533898167,Utrecht Software - Cloud Migration,001925218872012200,29105,2024-07-07,Closed Lost,0,Omitted,Trade Show,Existing Customer - Upgrade,Opportunity to provide AI-powered insights to Utrecht Software to address their data challenges requirements. Lost to Oracle due to pricing/feature considerations.,Update competitive intelligence,2024-03-18T07:21:05.746912,2024-04-05T07:21:05.746912,EUR,true,false
006506219428775618,Utrecht Software - Process Automation,001925218872012200,101593,2025-12-08,Needs Analysis,30,Pipeline,Other,Existing Customer - Upgrade,Opportunity to provide AI-powered insights to Utrecht Software to address their regulatory compliance requirements.,Conduct technical deep-dive session,2025-05-27T07:21:05.746996,2025-06-14T07:21:05.746996,EUR,false,false
006370606328610723,Utrecht Software - Process Automation,001925218872012200,180210,2025-06-17,Closed Won,100,Closed,Email Campaign,Existing Customer - Upgrade,Opportunity to provide advanced analytics to Utrecht Software to address their scalability needs requirements. Successfully completed implementation and achieved measurable ROI.,Schedule implementation planning session,2025-04-19T07:21:05.747053,2025-05-19T07:21:05.747053,EUR,true,true
006522168529673651,Utrecht Software - Security Enhancement,001925218872012200,39720,2025-12-30,Negotiation/Review,80,Commit,Trade Show,Existing Customer - Replacement,Opportunity to provide automation platform to Utrecht Software to address their operational efficiency requirements.,Complete security and compliance review,2025-04-15T07:21:05.747125,2025-05-14T07:21:05.747125,EUR,false,false
006208039679902367,Utrecht Software - Digital Transformation,001925218872012200,60465,2026-05-11,Negotiation/Review,80,Commit,Partner Referral,Existing Customer - Upgrade,Opportunity to provide advanced analytics to Utrecht Software to address their data challenges requirements.,Prepare for contract signature,2025-05-01T07:21:05.747178,2025-05-22T07:21:05.747178,EUR,false,false
006934718201925523,Thames Digital - Cloud Migration,001550386975875936,3758526,2024-04-17,Closed Lost,0,Omitted,Employee Referral,New Customer,Opportunity to provide advanced analytics to Thames Digital to address their data challenges requirements. Lost to Microsoft due to pricing/feature considerations.,Maintain relationship for future opportunities,2024-02-21T07:21:05.747328,2024-03-15T07:21:05.747328,EUR,true,false
006994204365563118,Thames Digital - Platform Upgrade,001550386975875936,517813,2025-09-27,Needs Analysis,30,Pipeline,Other,New Customer,Opportunity to provide AI-powered insights to Thames Digital to address their operational efficiency requirements.,Arrange reference customer calls,2025-06-30T07:21:05.747393,2025-07-27T07:21:05.747393,EUR,false,false
006456239332260492,Lille Manufacturing - Data Integration,001135063910236548,14177886,2025-03-01,Closed Lost,0,Omitted,Web,New Customer,Opportunity to provide automation platform to Lille Manufacturing to address their operational efficiency requirements. Lost to IBM due to pricing/feature considerations.,Conduct post-mortem analysis,2024-10-07T07:21:05.747531,2024-10-28T07:21:05.747531,SEK,true,false
006219496739777584,Lille Manufacturing - Digital Transformation,001135063910236548,2621901,2025-09-13,Negotiation/Review,80,Commit,Other,New Customer,Opportunity to provide digital transformation to Lille Manufacturing to address their regulatory compliance requirements.,Finalize contract terms and pricing,2025-02-23T07:21:05.747595,2025-03-05T07:21:05.747595,SEK,false,false
006700630372913324,TechBerlin Ventures - AI Implementation,001881350266966249,912057,2024-06-26,Closed Won,100,Closed,Purchased List,New Customer,Opportunity to provide cloud solutions to TechBerlin Ventures to address their competitive advantage requirements. Successfully completed implementation and achieved measurable ROI.,Introduce customer success team,2024-05-20T07:21:05.747723,2024-05-30T07:21:05.747723,CHF,true,true
006259173871996167,TechBerlin Ventures - Platform Upgrade,001881350266966249,201074,2025-03-27,Closed Lost,0,Omitted,Phone Inquiry,New Customer,Opportunity to provide advanced analytics to TechBerlin Ventures to address their operational efficiency requirements. Lost to IBM due to pricing/feature considerations.,Update competitive intelligence,2024-11-22T07:21:05.747788,2024-12-05T07:21:05.747788,CHF,true,false
006564604701680748,TechBerlin Ventures - Process Automation,001881350266966249,139261,2025-12-06,Value Proposition,40,Pipeline,Email Campaign,New Customer,Opportunity to provide AI-powered insights to TechBerlin Ventures to address their data challenges requirements.,Develop ROI business case presentation,2025-05-05T07:21:05.747851,2025-05-11T07:21:05.747851,CHF,false,false
006855451166554628,TechBerlin Ventures - Digital Transformation,001881350266966249,696850,2025-11-28,Qualification,20,Pipeline,Word of mouth,New Customer,Opportunity to provide advanced analytics to TechBerlin Ventures to address their regulatory compliance requirements.,Identify key stakeholders and influencers,2025-05-19T07:21:05.747913,2025-06-09T07:21:05.747913,CHF,false,false
006916937987339659,Dutch Innovation Labs - Digital Transformation,001548288539913535,186078,2025-06-22,Closed Won,100,Closed,Word of mouth,New Customer,Opportunity to provide automation platform to Dutch Innovation Labs to address their scalability needs requirements. Successfully completed implementation and achieved measurable ROI.,Schedule implementation planning session,2025-03-20T07:21:05.748045,2025-03-25T07:21:05.748045,CHF,true,true
006317861787102225,Dutch Innovation Labs - Digital Transformation,001548288539913535,71481,2026-01-13,Proposal/Price Quote,60,Best Case,Advertisement,New Customer,Opportunity to provide automation platform to Dutch Innovation Labs to address their competitive advantage requirements.,Negotiate contract terms and conditions,2025-06-27T07:21:05.748105,2025-07-17T07:21:05.748105,CHF,false,false
006456159337097577,Dutch Innovation Labs - Process Automation,001548288539913535,191785,2025-11-07,Proposal/Price Quote,60,Best Case,Employee Referral,New Customer,Opportunity to provide cloud solutions to Dutch Innovation Labs to address their operational efficiency requirements.,Negotiate contract terms and conditions,2025-02-23T07:21:05.748163,2025-03-03T07:21:05.748163,CHF,false,false
006504748441318372,Dutch Innovation Labs - Security Enhancement,001548288539913535,196698,2026-04-01,Negotiation/Review,80,Commit,Partner Referral,New Customer,Opportunity to provide digital transformation to Dutch Innovation Labs to address their competitive advantage requirements.,Complete security and compliance review,2025-02-08T07:21:05.748220,2025-02-23T07:21:05.748220,CHF,false,false
006826825185527288,Dutch Innovation Labs - Digital Transformation,001548288539913535,90077,2026-05-30,Needs Analysis,30,Pipeline,Word of mouth,New Customer,Opportunity to provide advanced analytics to Dutch Innovation Labs to address their scalability needs requirements.,Present detailed solution proposal,2025-03-20T07:21:05.748275,2025-04-18T07:21:05.748275,CHF,false,false
006671032435854652,Eindhoven Tech - Platform Upgrade,001440950073308960,841412,2024-06-04,Closed Won,100,Closed,Email Campaign,New Customer,Opportunity to provide advanced analytics to Eindhoven Tech to address their regulatory compliance requirements. Successfully completed implementation and achieved measurable ROI.,Introduce customer success team,2024-04-16T07:21:05.748408,2024-04-29T07:21:05.748408,EUR,true,true
006707626197771845,Eindhoven Tech - Security Enhancement,001440950073308960,1984765,2026-05-30,Negotiation/Review,80,Commit,External Referral,New Customer,Opportunity to provide cloud solutions to Eindhoven Tech to address their scalability needs requirements.,Complete security and compliance review,2025-07-13T07:21:05.748479,2025-07-21T07:21:05.748479,EUR,false,false
006509677159708249,Eindhoven Tech - Digital Transformation,001440950073308960,2641077,2025-07-12,Closed Won,100,Closed,Trade Show,New Customer,Opportunity to provide advanced analytics to Eindhoven Tech to address their data challenges requirements. Successfully completed implementation and achieved measurable ROI.,Introduce customer success team,2025-02-14T07:21:05.748544,2025-03-08T07:21:05.748544,EUR,true,true
006737661678957931,Eindhoven Tech - Analytics Solution,001440950073308960,4512891,2026-04-06,Qualification,20,Pipeline,Word of mouth,New Customer,Opportunity to provide cloud solutions to Eindhoven Tech to address their competitive advantage requirements.,Identify key stakeholders and influencers,2025-06-17T07:21:05.748608,2025-06-19T07:21:05.748608,EUR,false,false
006363480650452448,Eindhoven Tech - Security Enhancement,001440950073308960,4290638,2025-09-22,Qualification,20,Pipeline,Web,New Customer,Opportunity to provide cloud solutions to Eindhoven Tech to address their regulatory compliance requirements.,Identify key stakeholders and influencers,2025-05-24T07:21:05.748669,2025-06-06T07:21:05.748669,EUR,false,false
006813331882635718,AutoTech Mnchen - Digital Transformation,001483021764762154,2058182,2025-07-24,Closed Lost,0,Omitted,Other,New Customer,Opportunity to provide digital transformation to AutoTech Mnchen to address their regulatory compliance requirements. Lost to IBM due to pricing/feature considerations.,Update competitive intelligence,2025-04-03T07:21:05.748807,2025-04-09T07:21:05.748807,DKK,true,false
006383259607188740,AutoTech Mnchen - Digital Transformation,001483021764762154,13200973,2026-06-17,Needs Analysis,30,Pipeline,Employee Referral,New Customer,Opportunity to provide cloud solutions to AutoTech Mnchen to address their regulatory compliance requirements.,Conduct technical deep-dive session,2025-04-20T07:21:05.748876,2025-05-02T07:21:05.748876,DKK,false,false
006595279045569861,AutoTech Mnchen - Platform Upgrade,001483021764762154,12077363,2025-01-17,Closed Won,100,Closed,Partner Referral,New Customer,Opportunity to provide cloud solutions to AutoTech Mnchen to address their operational efficiency requirements. Successfully completed implementation and achieved measurable ROI.,Introduce customer success team,2024-08-17T07:21:05.748946,2024-09-07T07:21:05.748946,DKK,true,true
006777816114521238,AutoTech Mnchen - Analytics Solution,001483021764762154,7597336,2025-11-24,Needs Analysis,30,Pipeline,Cold Call,New Customer,Opportunity to provide advanced analytics to AutoTech Mnchen to address their data challenges requirements.,Conduct technical deep-dive session,2025-06-14T07:21:05.749006,2025-07-10T07:21:05.749006,DKK,false,false
006765171080032702,Nice Tech Systems - AI Implementation,001201382802563540,4239254,2024-10-12,Closed Lost,0,Omitted,Partner Referral,New Customer,Opportunity to provide automation platform to Nice Tech Systems to address their operational efficiency requirements. Lost to Amazon due to pricing/feature considerations.,Conduct post-mortem analysis,2024-05-13T07:21:05.749433,2024-05-18T07:21:05.749433,EUR,true,false
006744317639823588,Nice Tech Systems - Platform Upgrade,001201382802563540,1551649,2026-07-09,Value Proposition,40,Pipeline,Partner Referral,New Customer,Opportunity to provide advanced analytics to Nice Tech Systems to address their data challenges requirements.,Schedule executive stakeholder meeting,2025-06-18T07:21:05.749518,2025-07-18T07:21:05.749518,EUR,false,false
006910141979375333,Nice Tech Systems - Platform Upgrade,001201382802563540,4533896,2026-06-23,Qualification,20,Pipeline,Cold Call,New Customer,Opportunity to provide digital transformation to Nice Tech Systems to address their operational efficiency requirements.,Validate budget and decision-making process,2025-04-10T07:21:05.749581,2025-04-25T07:21:05.749581,EUR,false,false
006260681602093309,Warsaw FinTech - Data Integration,001994974003113234,136266,2025-04-22,Closed Lost,0,Omitted,Word of mouth,New Customer,Opportunity to provide cloud solutions to Warsaw FinTech to address their regulatory compliance requirements. Lost to Salesforce due to pricing/feature considerations.,Update competitive intelligence,2025-01-26T07:21:05.749731,2025-02-04T07:21:05.749731,EUR,true,false
006525825519604610,Warsaw FinTech - Digital Transformation,001994974003113234,189723,2026-04-10,Qualification,20,Pipeline,Employee Referral,New Customer,Opportunity to provide cloud solutions to Warsaw FinTech to address their operational efficiency requirements.,Validate budget and decision-making process,2025-04-26T07:21:05.749797,2025-05-03T07:21:05.749797,EUR,false,false
006208424755070261,Warsaw FinTech - Analytics Solution,001994974003113234,142214,2026-03-23,Value Proposition,40,Pipeline,Partner Referral,New Customer,Opportunity to provide automation platform to Warsaw FinTech to address their regulatory compliance requirements.,Provide detailed implementation timeline,2025-01-28T07:21:05.749856,2025-01-30T07:21:05.749856,EUR,false,false
006842408643159104,Warsaw FinTech - Digital Transformation,001994974003113234,149311,2024-10-08,Closed Won,100,Closed,Partner Referral,New Customer,Opportunity to provide AI-powered insights to Warsaw FinTech to address their regulatory compliance requirements. Successfully completed implementation and achieved measurable ROI.,Initiate project kick-off and onboarding,2024-08-09T07:21:05.749914,2024-09-07T07:21:05.749914,EUR,true,true
006885472395593080,Warsaw FinTech - Data Integration,001994974003113234,180192,2026-05-15,Negotiation/Review,80,Commit,Trade Show,New Customer,Opportunity to provide automation platform to Warsaw FinTech to address their data challenges requirements.,Complete security and compliance review,2025-04-03T07:21:05.749967,2025-04-29T07:21:05.749967,EUR,false,false
006962281158487425,InnovateUK Technologies - Security Enhancement,001916644646869448,1019708,2024-11-21,Closed Won,100,Closed,Purchased List,Existing Customer - Upgrade,Opportunity to provide digital transformation to InnovateUK Technologies to address their regulatory compliance requirements. Successfully completed implementation and achieved measurable ROI.,Introduce customer success team,2024-09-18T07:21:05.750106,2024-10-02T07:21:05.750106,NOK,true,true
006108098245713116,InnovateUK Technologies - Digital Transformation,001916644646869448,245881,2026-06-12,Qualification,20,Pipeline,Employee Referral,Existing Customer - Upgrade,Opportunity to provide digital transformation to InnovateUK Technologies to address their competitive advantage requirements.,Identify key stakeholders and influencers,2025-07-21T07:21:05.750175,2025-07-25T07:21:05.750175,NOK,false,false
006511679335529109,InnovateUK Technologies - Data Integration,001916644646869448,2327625,2026-05-22,Qualification,20,Pipeline,Word of mouth,Existing Customer - Replacement,Opportunity to provide automation platform to InnovateUK Technologies to address their data challenges requirements.,Identify key stakeholders and influencers,2025-05-17T07:21:05.750238,2025-06-04T07:21:05.750238,NOK,false,false
006750375329796363,InnovateUK Technologies - AI Implementation,001916644646869448,4247232,2026-02-26,Proposal/Price Quote,60,Best Case,Advertisement,Existing Customer - Replacement,Opportunity to provide cloud solutions to InnovateUK Technologies to address their operational efficiency requirements.,Schedule final decision-maker presentation,2025-06-07T07:21:05.750298,2025-06-15T07:21:05.750298,NOK,false,false
006481048579726534,Budapest Innovation - Data Integration,001617535713046263,5928943,2025-05-26,Closed Lost,0,Omitted,Trade Show,New Customer,Opportunity to provide AI-powered insights to Budapest Innovation to address their operational efficiency requirements. Lost to Amazon due to pricing/feature considerations.,Maintain relationship for future opportunities,2025-03-03T07:21:05.750433,2025-03-24T07:21:05.750433,EUR,true,false
006172147239199595,Budapest Innovation - Data Integration,001617535713046263,3556425,2026-04-19,Prospecting,10,Pipeline,Other,New Customer,Opportunity to provide cloud solutions to Budapest Innovation to address their scalability needs requirements.,Schedule discovery call to understand business requirements,2025-06-15T07:21:05.750502,2025-07-05T07:21:05.750502,EUR,false,false
006164697658504768,Budapest Innovation - Security Enhancement,001617535713046263,13395840,2026-07-01,Prospecting,10,Pipeline,Partner Referral,New Customer,Opportunity to provide automation platform to Budapest Innovation to address their competitive advantage requirements.,Schedule discovery call to understand business requirements,2025-04-11T07:21:05.750567,2025-04-18T07:21:05.750567,EUR,false,false
006774996132352225,Budapest Innovation - Platform Upgrade,001617535713046263,17886339,2025-11-28,Negotiation/Review,80,Commit,Trade Show,New Customer,Opportunity to provide AI-powered insights to Budapest Innovation to address their data challenges requirements.,Prepare for contract signature,2025-05-10T07:21:05.750629,2025-05-16T07:21:05.750629,EUR,false,false
006410680740653187,Hannover Industries - Digital Transformation,001706384218743963,736837,2025-11-09,Needs Analysis,30,Pipeline,Employee Referral,New Customer,Opportunity to provide digital transformation to Hannover Industries to address their competitive advantage requirements.,Conduct technical deep-dive session,2025-07-22T07:21:05.750765,2025-08-10T07:21:05.750765,EUR,false,false
006491922564402975,Paris Innovation SA - Security Enhancement,001297919985452583,194450,2025-05-11,Closed Lost,0,Omitted,Advertisement,New Customer,Opportunity to provide cloud solutions to Paris Innovation SA to address their regulatory compliance requirements. Lost to Amazon due to pricing/feature considerations.,Maintain relationship for future opportunities,2025-03-19T07:21:05.750895,2025-04-18T07:21:05.750895,EUR,true,false
006669973973580175,Paris Innovation SA - Analytics Solution,001297919985452583,160708,2026-01-01,Value Proposition,40,Pipeline,Phone Inquiry,Existing Customer - Upgrade,Opportunity to provide AI-powered insights to Paris Innovation SA to address their scalability needs requirements.,Schedule executive stakeholder meeting,2025-07-21T07:21:05.750954,2025-07-25T07:21:05.750954,EUR,false,false
006598515540610765,Copenhagen Analytics - Security Enhancement,001853515078943231,4712260,2024-08-27,Closed Lost,0,Omitted,Employee Referral,New Customer,Opportunity to provide cloud solutions to Copenhagen Analytics to address their scalability needs requirements. Lost to Oracle due to pricing/feature considerations.,Update competitive intelligence,2024-03-03T07:21:05.751100,2024-03-18T07:21:05.751100,EUR,true,false
006530849934441593,Copenhagen Analytics - Security Enhancement,001853515078943231,429434,2024-10-18,Closed Won,100,Closed,Email Campaign,Existing Customer - Upgrade,Opportunity to provide cloud solutions to Copenhagen Analytics to address their scalability needs requirements. Successfully completed implementation and achieved measurable ROI.,Schedule implementation planning session,2024-08-20T07:21:05.751173,2024-09-01T07:21:05.751173,EUR,true,true
006204716831543143,Copenhagen Analytics - Cloud Migration,001853515078943231,281564,2026-01-02,Value Proposition,40,Pipeline,Employee Referral,Existing Customer - Replacement,Opportunity to provide advanced analytics to Copenhagen Analytics to address their regulatory compliance requirements.,Develop ROI business case presentation,2025-01-24T07:21:05.751233,2025-02-09T07:21:05.751233,EUR,false,false
006940099670938899,Copenhagen Analytics - Analytics Solution,001853515078943231,2033465,2026-01-05,Qualification,20,Pipeline,Email Campaign,Existing Customer - Upgrade,Opportunity to provide automation platform to Copenhagen Analytics to address their data challenges requirements.,Validate budget and decision-making process,2025-02-26T07:21:05.751295,2025-03-22T07:21:05.751295,EUR,false,false
006381134965369052,Copenhagen Analytics - Cloud Migration,001853515078943231,2426381,2025-12-16,Qualification,20,Pipeline,Word of mouth,Existing Customer - Replacement,Opportunity to provide cloud solutions to Copenhagen Analytics to address their operational efficiency requirements.,Validate budget and decision-making process,2025-05-31T07:21:05.751354,2025-06-30T07:21:05.751354,EUR,false,false
006643012062443768,Rotterdam Logistics - Platform Upgrade,001890314423212983,17031089,2025-08-24,Proposal/Price Quote,60,Best Case,Advertisement,New Customer,Opportunity to provide AI-powered insights to Rotterdam Logistics to address their scalability needs requirements.,Negotiate contract terms and conditions,2025-02-15T07:21:05.751498,2025-03-16T07:21:05.751498,EUR,false,false
006350054704852547,Aurora Systems - Security Enhancement,001614306938061774,564646,2025-06-29,Closed Lost,0,Omitted,Word of mouth,New Customer,Opportunity to provide cloud solutions to Aurora Systems to address their operational efficiency requirements. Lost to IBM due to pricing/feature considerations.,Maintain relationship for future opportunities,2025-01-20T07:21:05.751633,2025-02-05T07:21:05.751633,GBP,true,false
006872749916319445,Aurora Systems - Data Integration,001614306938061774,84144,2024-12-05,Closed Lost,0,Omitted,Partner Referral,New Customer,Opportunity to provide automation platform to Aurora Systems to address their operational efficiency requirements. Lost to Salesforce due to pricing/feature considerations.,Update competitive intelligence,2024-08-09T07:21:05.751698,2024-08-24T07:21:05.751698,GBP,true,false
006213432581698682,Aurora Systems - Data Integration,001614306938061774,58827,2025-12-06,Qualification,20,Pipeline,Advertisement,New Customer,Opportunity to provide digital transformation to Aurora Systems to address their regulatory compliance requirements.,Identify key stakeholders and influencers,2025-07-19T07:21:05.751758,2025-07-25T07:21:05.751758,GBP,false,false
006307066239939726,Aurora Systems - Process Automation,001614306938061774,298658,2026-04-19,Value Proposition,40,Pipeline,External Referral,New Customer,Opportunity to provide automation platform to Aurora Systems to address their data challenges requirements.,Schedule executive stakeholder meeting,2025-05-15T07:21:05.751819,2025-06-07T07:21:05.751819,GBP,false,false
006743348218853472,Aurora Systems - AI Implementation,001614306938061774,432812,2026-01-11,Needs Analysis,30,Pipeline,Partner Referral,New Customer,Opportunity to provide AI-powered insights to Aurora Systems to address their data challenges requirements.,Present detailed solution proposal,2025-04-11T07:21:05.751877,2025-05-05T07:21:05.751877,GBP,false,false
006931526967883719,Nordic Innovations - Cloud Migration,001542542852785579,4858529,2025-01-19,Closed Lost,0,Omitted,Partner Referral,New Customer,Opportunity to provide automation platform to Nordic Innovations to address their operational efficiency requirements. Lost to Amazon due to pricing/feature considerations.,Maintain relationship for future opportunities,2024-09-14T07:21:05.752012,2024-09-30T07:21:05.752012,HUF,true,false
006382571482008139,Nordic Innovations - AI Implementation,001542542852785579,4536968,2026-01-29,Prospecting,10,Pipeline,Trade Show,New Customer,Opportunity to provide AI-powered insights to Nordic Innovations to address their operational efficiency requirements.,Send company overview and case study materials,2025-03-08T07:21:05.752080,2025-03-12T07:21:05.752080,HUF,false,false
006208424859657837,Nordic Innovations - Security Enhancement,001542542852785579,1570211,2025-12-09,Negotiation/Review,80,Commit,External Referral,New Customer,Opportunity to provide digital transformation to Nordic Innovations to address their scalability needs requirements.,Complete security and compliance review,2025-07-07T07:21:05.752141,2025-07-19T07:21:05.752141,HUF,false,false
006495292130765725,Berlin Tech Solutions - Data Integration,001363643514874739,2361868,2024-12-03,Closed Lost,0,Omitted,Email Campaign,New Customer,Opportunity to provide AI-powered insights to Berlin Tech Solutions to address their data challenges requirements. Lost to IBM due to pricing/feature considerations.,Update competitive intelligence,2024-10-29T07:21:05.752270,2024-11-19T07:21:05.752270,EUR,true,false
006674708170251686,Berlin Tech Solutions - Process Automation,001363643514874739,1664137,2026-02-18,Proposal/Price Quote,60,Best Case,External Referral,New Customer,Opportunity to provide automation platform to Berlin Tech Solutions to address their operational efficiency requirements.,Negotiate contract terms and conditions,2025-05-11T07:21:05.752336,2025-05-31T07:21:05.752336,EUR,false,false
006810750179699271,Berlin Tech Solutions - Process Automation,001363643514874739,1415075,2026-07-14,Qualification,20,Pipeline,Word of mouth,New Customer,Opportunity to provide AI-powered insights to Berlin Tech Solutions to address their competitive advantage requirements.,Validate budget and decision-making process,2025-06-10T07:21:05.752410,2025-06-13T07:21:05.752410,EUR,false,false
006401148978214919,Berlin Tech Solutions - Security Enhancement,001363643514874739,2114430,2026-01-30,Qualification,20,Pipeline,Word of mouth,New Customer,Opportunity to provide automation platform to Berlin Tech Solutions to address their scalability needs requirements.,Identify key stakeholders and influencers,2025-05-03T07:21:05.752473,2025-05-28T07:21:05.752473,EUR,false,false
006240780537246727,Berlin Tech Solutions - Analytics Solution,001363643514874739,4569925,2026-03-20,Needs Analysis,30,Pipeline,Cold Call,New Customer,Opportunity to provide cloud solutions to Berlin Tech Solutions to address their scalability needs requirements.,Arrange reference customer calls,2025-03-29T07:21:05.752534,2025-04-21T07:21:05.752534,EUR,false,false
006717480890528832,Vienna Analytics - Digital Transformation,001164879409789521,466332,2025-10-08,Qualification,20,Pipeline,Web,New Customer,Opportunity to provide advanced analytics to Vienna Analytics to address their competitive advantage requirements.,Conduct needs assessment workshop,2025-06-26T07:21:05.752674,2025-07-21T07:21:05.752674,EUR,false,false
006358231942441556,Helsinki Tech - Data Integration,001780497606070370,5710143,2026-07-22,Prospecting,10,Pipeline,Purchased List,New Customer,Opportunity to provide digital transformation to Helsinki Tech to address their competitive advantage requirements.,Arrange product demonstration for key stakeholders,2025-07-01T07:21:05.752810,2025-07-06T07:21:05.752810,EUR,false,false
006626010984777447,Barcelona Renewable - Process Automation,001662160734841219,228895,2025-05-17,Closed Lost,0,Omitted,Trade Show,New Customer,Opportunity to provide digital transformation to Barcelona Renewable to address their regulatory compliance requirements. Lost to Oracle due to pricing/feature considerations.,Conduct post-mortem analysis,2025-04-09T07:21:05.752941,2025-05-02T07:21:05.752941,EUR,true,false
006943199279813778,Barcelona Renewable - AI Implementation,001662160734841219,235636,2026-06-22,Proposal/Price Quote,60,Best Case,Email Campaign,New Customer,Opportunity to provide AI-powered insights to Barcelona Renewable to address their competitive advantage requirements.,Schedule final decision-maker presentation,2025-02-21T07:21:05.753001,2025-03-14T07:21:05.753001,EUR,false,false
006200832108434451,Dresden Software - Cloud Migration,001721097506509766,3112258,2025-02-04,Closed Won,100,Closed,External Referral,New Customer,Opportunity to provide digital transformation to Dresden Software to address their scalability needs requirements. Successfully completed implementation and achieved measurable ROI.,Schedule implementation planning session,2024-08-20T07:21:05.753126,2024-08-29T07:21:05.753126,EUR,true,true
006422867053516688,Dresden Software - Analytics Solution,001721097506509766,288548,2026-05-15,Qualification,20,Pipeline,External Referral,New Customer,Opportunity to provide AI-powered insights to Dresden Software to address their operational efficiency requirements.,Conduct needs assessment workshop,2025-07-22T07:21:05.753192,2025-08-21T07:21:05.753192,EUR,false,false
006429801080990578,Dresden Software - Data Integration,001721097506509766,4201928,2025-08-25,Needs Analysis,30,Pipeline,Word of mouth,New Customer,Opportunity to provide cloud solutions to Dresden Software to address their operational efficiency requirements.,Arrange reference customer calls,2025-05-07T07:21:05.753256,2025-05-19T07:21:05.753256,EUR,false,false
006904946291984265,Dresden Software - Cloud Migration,001721097506509766,4902270,2026-03-11,Qualification,20,Pipeline,Cold Call,New Customer,Opportunity to provide automation platform to Dresden Software to address their competitive advantage requirements.,Validate budget and decision-making process,2025-04-02T07:21:05.753320,2025-04-11T07:21:05.753320,EUR,false,false
006830098418357506,Dresden Software - Security Enhancement,001721097506509766,3742000,2025-12-21,Prospecting,10,Pipeline,Cold Call,New Customer,Opportunity to provide AI-powered insights to Dresden Software to address their scalability needs requirements.,Send company overview and case study materials,2025-02-12T07:21:05.753383,2025-02-19T07:21:05.753383,EUR,false,false
006609772321489872,Luxembourg Capital - AI Implementation,001110641368804355,10217205,2026-07-13,Qualification,20,Pipeline,Other,New Customer,Opportunity to provide AI-powered insights to Luxembourg Capital to address their competitive advantage requirements.,Validate budget and decision-making process,2025-06-24T07:21:05.753522,2025-07-05T07:21:05.753522,HUF,false,false
006403084168849544,Baltic Solutions - Digital Transformation,001188303342897319,610957,2025-11-24,Qualification,20,Pipeline,Partner Referral,New Customer,Opportunity to provide automation platform to Baltic Solutions to address their operational efficiency requirements.,Validate budget and decision-making process,2025-07-17T07:21:05.753726,2025-07-20T07:21:05.753726,CHF,false,false
006622063459901707,Groningen Energy - Security Enhancement,001203041018031068,2021905,2025-03-16,Closed Won,100,Closed,Cold Call,Existing Customer - Upgrade,Opportunity to provide digital transformation to Groningen Energy to address their operational efficiency requirements. Successfully completed implementation and achieved measurable ROI.,Initiate project kick-off and onboarding,2024-10-30T07:21:05.753897,2024-11-01T07:21:05.753897,EUR,true,true
006316389822289195,Groningen Energy - AI Implementation,001203041018031068,3491872,2026-05-26,Needs Analysis,30,Pipeline,Other,Existing Customer - Replacement,Opportunity to provide advanced analytics to Groningen Energy to address their operational efficiency requirements.,Arrange reference customer calls,2025-07-04T07:21:05.753963,2025-07-12T07:21:05.753963,EUR,false,false
006927899875246640,Nordic Energy - Cloud Migration,001410704096080305,126119,2025-01-25,Closed Lost,0,Omitted,Phone Inquiry,New Customer,Opportunity to provide AI-powered insights to Nordic Energy to address their data challenges requirements. Lost to Oracle due to pricing/feature considerations.,Maintain relationship for future opportunities,2024-12-18T07:21:05.754093,2025-01-09T07:21:05.754093,EUR,true,false
006641815507327630,Nordic Energy - Digital Transformation,001410704096080305,94689,2025-03-13,Closed Lost,0,Omitted,Email Campaign,New Customer,Opportunity to provide digital transformation to Nordic Energy to address their data challenges requirements. Lost to Google due to pricing/feature considerations.,Conduct post-mortem analysis,2025-02-01T07:21:05.754159,2025-03-01T07:21:05.754159,EUR,true,false
006116962219626720,Nordic Energy - Data Integration,001410704096080305,39603,2026-07-11,Proposal/Price Quote,60,Best Case,Partner Referral,New Customer,Opportunity to provide digital transformation to Nordic Energy to address their regulatory compliance requirements.,Follow up on proposal questions and concerns,2025-05-23T07:21:05.754217,2025-06-05T07:21:05.754217,EUR,false,false
006771276280277300,Nordic Energy - AI Implementation,001410704096080305,12340,2026-06-14,Qualification,20,Pipeline,Partner Referral,New Customer,Opportunity to provide digital transformation to Nordic Energy to address their operational efficiency requirements.,Validate budget and decision-making process,2025-07-12T07:21:05.754272,2025-07-18T07:21:05.754272,EUR,false,false
006825726445909208,Montpellier Research - Platform Upgrade,001523399275710423,11855561,2024-05-15,Closed Won,100,Closed,Partner Referral,New Customer,Opportunity to provide AI-powered insights to Montpellier Research to address their operational efficiency requirements. Successfully completed implementation and achieved measurable ROI.,Initiate project kick-off and onboarding,2024-03-31T07:21:05.754641,2024-04-16T07:21:05.754641,EUR,true,true
006317259774722918,Montpellier Research - AI Implementation,001523399275710423,19235131,2026-02-14,Qualification,20,Pipeline,Web,New Customer,Opportunity to provide automation platform to Montpellier Research to address their scalability needs requirements.,Conduct needs assessment workshop,2025-02-07T07:21:05.754750,2025-02-12T07:21:05.754750,EUR,false,false
006884795935219395,Montpellier Research - Security Enhancement,001523399275710423,1825015,2026-04-02,Qualification,20,Pipeline,External Referral,New Customer,Opportunity to provide cloud solutions to Montpellier Research to address their regulatory compliance requirements.,Validate budget and decision-making process,2025-03-20T07:21:05.754820,2025-04-07T07:21:05.754820,EUR,false,false
006698005772313943,Montpellier Research - Analytics Solution,001523399275710423,11360927,2026-01-08,Needs Analysis,30,Pipeline,Partner Referral,New Customer,Opportunity to provide automation platform to Montpellier Research to address their scalability needs requirements.,Conduct technical deep-dive session,2025-03-25T07:21:05.754883,2025-04-12T07:21:05.754883,EUR,false,false
006973718170781747,Geneva Pharma - Platform Upgrade,001889970583953387,17477124,2024-12-27,Closed Won,100,Closed,Word of mouth,New Customer,Opportunity to provide cloud solutions to Geneva Pharma to address their scalability needs requirements. Successfully completed implementation and achieved measurable ROI.,Introduce customer success team,2024-10-11T07:21:05.755107,2024-10-14T07:21:05.755107,EUR,true,true
006720896646014548,Geneva Pharma - AI Implementation,001889970583953387,18584379,2025-11-26,Proposal/Price Quote,60,Best Case,Partner Referral,New Customer,Opportunity to provide AI-powered insights to Geneva Pharma to address their scalability needs requirements.,Negotiate contract terms and conditions,2025-04-14T07:21:05.755184,2025-04-28T07:21:05.755184,EUR,false,false
006246114520260976,Geneva Pharma - Digital Transformation,001889970583953387,11305334,2025-10-09,Negotiation/Review,80,Commit,Partner Referral,New Customer,Opportunity to provide advanced analytics to Geneva Pharma to address their data challenges requirements.,Finalize contract terms and pricing,2025-06-24T07:21:05.755247,2025-07-10T07:21:05.755247,EUR,false,false
006802530058992270,Stockholm Software AB - AI Implementation,001612657359845331,4989997,2024-10-06,Closed Won,100,Closed,Cold Call,New Customer,Opportunity to provide AI-powered insights to Stockholm Software AB to address their scalability needs requirements. Successfully completed implementation and achieved measurable ROI.,Initiate project kick-off and onboarding,2024-05-30T07:21:05.755402,2024-06-11T07:21:05.755402,EUR,true,true
006190026088270659,Stockholm Software AB - AI Implementation,001612657359845331,794533,2025-12-05,Qualification,20,Pipeline,External Referral,New Customer,Opportunity to provide advanced analytics to Stockholm Software AB to address their scalability needs requirements.,Conduct needs assessment workshop,2025-07-19T07:21:05.755469,2025-08-12T07:21:05.755469,EUR,false,false
006179249595374449,The Hague Solutions International - Platform Upgrade,001341839750352307,2456224,2024-06-04,Closed Lost,0,Omitted,Other,New Customer,Opportunity to provide advanced analytics to The Hague Solutions International to address their data challenges requirements. Lost to IBM due to pricing/feature considerations.,Conduct post-mortem analysis,2024-02-27T07:21:05.755613,2024-03-02T07:21:05.755613,SEK,true,false
006839578448479532,The Hague Solutions International - Cloud Migration,001341839750352307,18339584,2025-11-26,Negotiation/Review,80,Commit,Purchased List,New Customer,Opportunity to provide AI-powered insights to The Hague Solutions International to address their data challenges requirements.,Prepare for contract signature,2025-04-15T07:21:05.755688,2025-05-09T07:21:05.755688,SEK,false,false
006616472714267497,The Hague Solutions International - Process Automation,001341839750352307,4040468,2026-06-12,Value Proposition,40,Pipeline,Cold Call,New Customer,Opportunity to provide automation platform to The Hague Solutions International to address their operational efficiency requirements.,Develop ROI business case presentation,2025-02-09T07:21:05.755755,2025-03-07T07:21:05.755755,SEK,false,false
006278093643006590,The Hague Solutions International - Process Automation,001341839750352307,18953778,2026-05-06,Qualification,20,Pipeline,Trade Show,New Customer,Opportunity to provide AI-powered insights to The Hague Solutions International to address their competitive advantage requirements.,Identify key stakeholders and influencers,2025-04-11T07:21:05.755826,2025-05-10T07:21:05.755826,SEK,false,false
006812967853282861,Berlin Tech Solutions Europe - Data Integration,001880740758404231,95106,2024-06-20,Closed Lost,0,Omitted,Employee Referral,New Customer,Opportunity to provide digital transformation to Berlin Tech Solutions Europe to address their regulatory compliance requirements. Lost to Amazon due to pricing/feature considerations.,Update competitive intelligence,2024-02-16T07:21:05.755968,2024-03-05T07:21:05.755968,EUR,true,false
006100220748823088,Berlin Tech Solutions Europe - AI Implementation,001880740758404231,154241,2026-02-21,Qualification,20,Pipeline,Cold Call,New Customer,Opportunity to provide advanced analytics to Berlin Tech Solutions Europe to address their scalability needs requirements.,Conduct needs assessment workshop,2025-05-18T07:21:05.756035,2025-05-19T07:21:05.756035,EUR,false,false
006349825295680993,Berlin Tech Solutions Europe - Security Enhancement,001880740758404231,45411,2025-08-24,Proposal/Price Quote,60,Best Case,Purchased List,New Customer,Opportunity to provide digital transformation to Berlin Tech Solutions Europe to address their operational efficiency requirements.,Schedule final decision-maker presentation,2025-05-06T07:21:05.756091,2025-06-02T07:21:05.756091,EUR,false,false
006142486221452163,Holland Data Systems Systems - Analytics Solution,001136809124243328,144026,2025-01-05,Closed Lost,0,Omitted,External Referral,New Customer,Opportunity to provide digital transformation to Holland Data Systems Systems to address their data challenges requirements. Lost to Amazon due to pricing/feature considerations.,Maintain relationship for future opportunities,2024-07-13T07:21:05.756233,2024-07-25T07:21:05.756233,EUR,true,false
006742308458878992,Holland Data Systems Systems - Security Enhancement,001136809124243328,75498,2025-03-30,Closed Won,100,Closed,Employee Referral,New Customer,Opportunity to provide AI-powered insights to Holland Data Systems Systems to address their data challenges requirements. Successfully completed implementation and achieved measurable ROI.,Introduce customer success team,2024-12-25T07:21:05.756299,2024-12-28T07:21:05.756299,EUR,true,true
006891337801174500,Holland Data Systems Systems - AI Implementation,001136809124243328,95116,2025-11-17,Negotiation/Review,80,Commit,Word of mouth,New Customer,Opportunity to provide advanced analytics to Holland Data Systems Systems to address their regulatory compliance requirements.,Prepare for contract signature,2025-03-21T07:21:05.756353,2025-03-31T07:21:05.756353,EUR,false,false
